{"type": "FeatureCollection", "features": [{"type": "Feature", "properties": {"name": "battaglia del lago Regillo", "year": -497, "period": "antica", "reliability": "media", "wikidata": "Q1644792", "part_of": ["First Latin War"], "wikipedia": "https://it.wikipedia.org/wiki/Battaglia_del_lago_Regillo"}, "geometry": {"type": "Point", "coordinates": [12.6972, 41.8819]}}, {"type": "Feature", "properties": {"name": "battaglia di Anzio", "year": -484, "period": "antica", "reliability": "media", "wikidata": "Q3636328", "part_of": ["guerre romano-volsche"], "wikipedia": "https://it.wikipedia.org/wiki/Battaglia_di_Anzio_(484_a.C.)"}, "geometry": {"type": "Point", "coordinates": [12.62833, 41.44722]}}, {"type": "Feature", "properties": {"name": "battaglia di Longula", "year": -484, "period": "antica", "reliability": "media", "wikidata": "Q3636508", "part_of": ["guerre romano-volsche"], "wikipedia": "https://it.wikipedia.org/wiki/Battaglia_di_Longula"}, "geometry": {"type": "Point", "coordinates": [12.6061, 41.58792]}}, {"type": "Feature", "properties": {"name": "battaglia di Imera", "year": -480, "period": "antica", "reliability": "media", "wikidata": "Q1138660", "part_of": ["Prima guerra greco-punica"], "wikipedia": "https://it.wikipedia.org/wiki/Battaglia_di_Imera_(480_a.C.)"}, "geometry": {"type": "Point", "coordinates": [13.81139, 37.97167]}}, {"type": "Feature", "properties": {"name": "battaglia di Veio", "year": -480, "period": "antica", "reliability": "media", "wikidata": "Q3636654", "part_of": ["Guerre romano-etrusche"], "wikipedia": "https://it.wikipedia.org/wiki/Battaglia_di_Veio_(480_a.C.)"}, "geometry": {"type": "Point", "coordinates": [12.40139, 42.02389]}}, {"type": "Feature", "properties": {"name": "battaglia del Cremera", "year": -477, "period": "antica", "reliability": "media", "wikidata": "Q2487876", "wikipedia": "https://it.wikipedia.org/wiki/Battaglia_del_Cremera"}, "geometry": {"type": "Point", "coordinates": [12.4245, 42.02882]}}, {"type": "Feature", "properties": {"name": "battaglia del Gianicolo", "year": -476, "period": "antica", "reliability": "media", "wikidata": "Q3636238", "part_of": ["Guerre tra Roma e Veio"], "wikipedia": "https://it.wikipedia.org/wiki/Battaglia_del_Gianicolo_(476_a.C.)"}, "geometry": {"type": "Point", "coordinates": [12.46111, 41.89167]}}, {"type": "Feature", "properties": {"name": "battaglia di Veio", "year": -475, "period": "antica", "reliability": "media", "wikidata": "Q3636653", "part_of": ["Guerre romano-etrusche"], "wikipedia": "https://it.wikipedia.org/wiki/Battaglia_di_Veio_(475_a.C.)"}, "geometry": {"type": "Point", "coordinates": [12.40139, 42.02389]}}, {"type": "Feature", "properties": {"name": "battaglia di Cuma", "year": -474, "period": "antica", "reliability": "media", "wikidata": "Q1892581", "wikipedia": "https://it.wikipedia.org/wiki/Battaglia_di_Cuma_(474_a.C.)"}, "geometry": {"type": "Point", "coordinates": [14.05361, 40.84861]}}, {"type": "Feature", "properties": {"name": "battaglia del Monte Algido", "year": -458, "period": "antica", "reliability": "media", "wikidata": "Q2705449", "part_of": ["Roman expansion in Italy"], "wikipedia": "https://it.wikipedia.org/wiki/Battaglia_del_Monte_Algido"}, "geometry": {"type": "Point", "coordinates": [12.76944, 41.72306]}}, {"type": "Feature", "properties": {"name": "battaglia di Corbione", "year": -446, "period": "antica", "reliability": "media", "wikidata": "Q2518498", "wikipedia": "https://it.wikipedia.org/wiki/Battaglia_di_Corbione"}, "geometry": {"type": "Point", "coordinates": [12.91767, 41.77731]}}, {"type": "Feature", "properties": {"name": "Capture of Fidenae", "year": -435, "period": "antica", "reliability": "media", "wikidata": "Q665716", "part_of": ["Guerre romano-etrusche"], "wikipedia": "https://en.wikipedia.org/wiki/Capture_of_Fidenae_(435_BC)"}, "geometry": {"type": "Point", "coordinates": [12.51333, 41.97444]}}, {"type": "Feature", "properties": {"name": "battaglia di Fidene", "year": -426, "period": "antica", "reliability": "media", "wikidata": "Q3636427", "part_of": ["Guerre romano-etrusche"], "wikipedia": "https://it.wikipedia.org/wiki/Battaglia_di_Fidene_(426_a.C.)"}, "geometry": {"type": "Point", "coordinates": [12.51333, 41.97444]}}, {"type": "Feature", "properties": {"name": "battaglia di Selinunte", "year": -409, "period": "antica", "reliability": "media", "wikidata": "Q1278821", "part_of": ["guerra greco-punica del 409-405 a.C."], "wikipedia": "https://it.wikipedia.org/wiki/Battaglia_di_Selinunte"}, "geometry": {"type": "Point", "coordinates": [12.82472, 37.58361]}}, {"type": "Feature", "properties": {"name": "battaglia di Imera", "year": -409, "period": "antica", "reliability": "media", "wikidata": "Q1287213", "part_of": ["guerra greco-punica del 409-405 a.C."], "wikipedia": "https://it.wikipedia.org/wiki/Battaglia_di_Imera_(409_a.C.)"}, "geometry": {"type": "Point", "coordinates": [13.7, 37.98333]}}, {"type": "Feature", "properties": {"name": "assedio di Veio", "year": -406, "period": "antica", "reliability": "media", "wikidata": "Q540205", "year_end": -396, "part_of": ["Guerre romano-etrusche"], "wikipedia": "https://it.wikipedia.org/wiki/Assedio_di_Veio"}, "geometry": {"type": "Point", "coordinates": [12.40139, 42.02389]}}, {"type": "Feature", "properties": {"name": "battaglia di Gela", "year": -405, "period": "antica", "reliability": "media", "wikidata": "Q2628112", "part_of": ["guerra greco-punica del 409-405 a.C."], "wikipedia": "https://it.wikipedia.org/wiki/Battaglia_di_Gela_(405_a.C.)"}, "geometry": {"type": "Point", "coordinates": [14.25, 37.06667]}}, {"type": "Feature", "properties": {"name": "battaglia di Messina", "year": -397, "period": "antica", "reliability": "media", "wikidata": "Q4244801", "part_of": ["Seconda guerra greco-punica"], "wikipedia": "https://it.wikipedia.org/wiki/Battaglia_di_Messina_(397_a.C.)"}, "geometry": {"type": "Point", "coordinates": [15.55, 38.18333]}}, {"type": "Feature", "properties": {"name": "battaglia di Catania", "year": -397, "period": "antica", "reliability": "media", "wikidata": "Q4269619", "part_of": ["Seconda guerra greco-punica"], "wikipedia": "https://it.wikipedia.org/wiki/Battaglia_di_Catania"}, "geometry": {"type": "Point", "coordinates": [15.08722, 37.50278]}}, {"type": "Feature", "properties": {"name": "battaglia di Abacano", "year": -393, "period": "antica", "reliability": "media", "wikidata": "Q4207050", "part_of": ["Seconda guerra greco-punica"], "wikipedia": "https://it.wikipedia.org/wiki/Battaglia_di_Abacano"}, "geometry": {"type": "Point", "coordinates": [15.1, 38.05]}}, {"type": "Feature", "properties": {"name": "battaglia del fiume Allia", "year": -387, "period": "antica", "reliability": "media", "wikidata": "Q655777", "part_of": ["Guerre romano-celtiche"], "wikipedia": "https://it.wikipedia.org/wiki/Battaglia_del_fiume_Allia"}, "geometry": {"type": "Point", "coordinates": [12.52, 42.0175]}}, {"type": "Feature", "properties": {"name": "battaglia di Suessula", "year": -343, "period": "antica", "reliability": "media", "wikidata": "Q853635", "part_of": ["Battles of the first Samnite War", "prima guerra sannitica"], "wikipedia": "https://it.wikipedia.org/wiki/Battaglia_di_Suessula"}, "geometry": {"type": "Point", "coordinates": [14.4, 40.98333]}}, {"type": "Feature", "properties": {"name": "battaglia del Monte Gauro", "year": -342, "period": "antica", "reliability": "media", "wikidata": "Q511578", "part_of": ["Battles of the first Samnite War", "prima guerra sannitica"], "wikipedia": "https://it.wikipedia.org/wiki/Battaglia_del_Monte_Gauro"}, "geometry": {"type": "Point", "coordinates": [14.05361, 40.84861]}}, {"type": "Feature", "properties": {"name": "Battle of Saticula", "year": -342, "period": "antica", "reliability": "media", "wikidata": "Q16253748", "part_of": ["Battles of the first Samnite War", "prima guerra sannitica"], "wikipedia": "https://en.wikipedia.org/wiki/Battle_of_Saticula"}, "geometry": {"type": "Point", "coordinates": [14.5, 41.08333]}}, {"type": "Feature", "properties": {"name": "battaglia del Crimiso", "year": -341, "period": "antica", "reliability": "media", "wikidata": "Q1543543", "part_of": ["Seconda guerra greco-punica"], "wikipedia": "https://it.wikipedia.org/wiki/Battaglia_del_Crimiso"}, "geometry": {"type": "Point", "coordinates": [12.8375, 37.94083]}}, {"type": "Feature", "properties": {"name": "battaglia del Vesuvio", "year": -340, "period": "antica", "reliability": "media", "wikidata": "Q571269", "part_of": ["guerra latina"], "wikipedia": "https://it.wikipedia.org/wiki/Battaglia_del_Vesuvio_(340_a.C.)"}, "geometry": {"type": "Point", "coordinates": [14.4261, 40.8211]}}, {"type": "Feature", "properties": {"name": "Capture of Neapolis", "year": -327, "period": "antica", "reliability": "media", "wikidata": "Q3625055", "part_of": ["seconda guerra sannitica"], "wikipedia": "https://en.wikipedia.org/wiki/Capture_of_Neapolis"}, "geometry": {"type": "Point", "coordinates": [14.25, 40.8333]}}, {"type": "Feature", "properties": {"name": "battaglia delle Forche Caudine", "year": -321, "period": "antica", "reliability": "media", "wikidata": "Q1357977", "part_of": ["seconda guerra sannitica"], "wikipedia": "https://it.wikipedia.org/wiki/Battaglia_delle_Forche_Caudine"}, "geometry": {"type": "Point", "coordinates": [14.5333, 41.15]}}, {"type": "Feature", "properties": {"name": "battaglia di Lautulae", "year": -315, "period": "antica", "reliability": "media", "wikidata": "Q684113", "part_of": ["seconda guerra sannitica"], "wikipedia": "https://it.wikipedia.org/wiki/Battaglia_di_Lautulae"}, "geometry": {"type": "Point", "coordinates": [13.25, 41.28333]}}, {"type": "Feature", "properties": {"name": "battaglia dell'Imera", "year": -311, "period": "antica", "reliability": "media", "wikidata": "Q1754459", "part_of": ["Terza guerra greco-punica"], "wikipedia": "https://it.wikipedia.org/wiki/Battaglia_del_monte_Ecnomo"}, "geometry": {"type": "Point", "coordinates": [15.3, 37.0667]}}, {"type": "Feature", "properties": {"name": "battaglia del lago Vadimone", "year": -310, "period": "antica", "reliability": "media", "wikidata": "Q94414", "part_of": ["seconda guerra sannitica"], "wikipedia": "https://it.wikipedia.org/wiki/Battaglia_del_lago_Vadimone_(309_a.C.)"}, "geometry": {"type": "Point", "coordinates": [12.3232, 42.4842]}}, {"type": "Feature", "properties": {"name": "battaglia di Boviano", "year": -305, "period": "antica", "reliability": "media", "wikidata": "Q1887733", "part_of": ["seconda guerra sannitica"], "wikipedia": "https://it.wikipedia.org/wiki/Battaglia_di_Boviano"}, "geometry": {"type": "Point", "coordinates": [14.46667, 41.48333]}}, {"type": "Feature", "properties": {"name": "Battaglia di Tiferno", "year": -297, "period": "antica", "reliability": "media", "wikidata": "Q2890214", "part_of": ["terza guerra sannitica"], "wikipedia": "https://it.wikipedia.org/wiki/Battaglia_di_Tiferno"}, "geometry": {"type": "Point", "coordinates": [12.24389, 43.46083]}}, {"type": "Feature", "properties": {"name": "Battaglia del Sentino", "year": -295, "period": "antica", "reliability": "media", "wikidata": "Q635839", "part_of": ["terza guerra sannitica"], "wikipedia": "https://it.wikipedia.org/wiki/Battaglia_del_Sentino"}, "geometry": {"type": "Point", "coordinates": [12.85448, 43.41583]}}, {"type": "Feature", "properties": {"name": "battaglia di Camerino", "year": -295, "period": "antica", "reliability": "media", "wikidata": "Q1799032", "part_of": ["terza guerra sannitica"], "wikipedia": "https://it.wikipedia.org/wiki/Battaglia_di_Camerino"}, "geometry": {"type": "Point", "coordinates": [13.06889, 43.14028]}}, {"type": "Feature", "properties": {"name": "battaglia di Arezzo", "year": -284, "period": "antica", "reliability": "media", "wikidata": "Q2292431", "part_of": ["Guerre romano-celtiche"], "wikipedia": "https://it.wikipedia.org/wiki/Battaglia_di_Arezzo"}, "geometry": {"type": "Point", "coordinates": [11.8833, 43.463]}}, {"type": "Feature", "properties": {"name": "battaglia del lago Vadimone", "year": -283, "period": "antica", "reliability": "media", "wikidata": "Q1482311", "part_of": ["Guerre romano-celtiche", "Guerre romano-etrusche"], "wikipedia": "https://it.wikipedia.org/wiki/Battaglia_del_lago_Vadimone_(283_a.C.)"}, "geometry": {"type": "Point", "coordinates": [12.323, 42.484]}}, {"type": "Feature", "properties": {"name": "battaglia di Eraclea", "year": -280, "period": "antica", "reliability": "media", "wikidata": "Q744611", "part_of": ["guerre pirriche"], "wikipedia": "https://it.wikipedia.org/wiki/Battaglia_di_Eraclea"}, "geometry": {"type": "Point", "coordinates": [16.66972, 40.22]}}, {"type": "Feature", "properties": {"name": "battaglia di Thurii", "year": -280, "period": "antica", "reliability": "media", "wikidata": "Q3636635", "wikipedia": "https://it.wikipedia.org/wiki/Battaglia_di_Thurii"}, "geometry": {"type": "Point", "coordinates": [17.27694, 39.885]}}, {"type": "Feature", "properties": {"name": "battaglia di Ascoli Satriano", "year": -279, "period": "antica", "reliability": "media", "wikidata": "Q756413", "part_of": ["guerre pirriche"], "wikipedia": "https://it.wikipedia.org/wiki/Battaglia_di_Ascoli_(279_a.C.)"}, "geometry": {"type": "Point", "coordinates": [15.5578, 41.2156]}}, {"type": "Feature", "properties": {"name": "Battaglia dello stretto di Messina", "year": -276, "period": "antica", "reliability": "media", "wikidata": "Q4873050", "part_of": ["guerre pirriche"], "wikipedia": "https://it.wikipedia.org/wiki/Battaglia_dello_Stretto_di_Messina_(276_a.C.)"}, "geometry": {"type": "Point", "coordinates": [15.6325, 38.24583]}}, {"type": "Feature", "properties": {"name": "battaglia di Benevento", "year": -275, "period": "antica", "reliability": "media", "wikidata": "Q1160070", "part_of": ["guerre pirriche"], "wikipedia": "https://it.wikipedia.org/wiki/Battaglia_di_Benevento_(275_a.C.)"}, "geometry": {"type": "Point", "coordinates": [14.78333, 41.13333]}}, {"type": "Feature", "properties": {"name": "battaglia di Messina", "year": -264, "period": "antica", "reliability": "media", "wikidata": "Q2478491", "part_of": ["prima guerra punica"], "wikipedia": "https://it.wikipedia.org/wiki/Battaglia_di_Messina"}, "geometry": {"type": "Point", "coordinates": [15.5614, 38.18]}}, {"type": "Feature", "properties": {"name": "battaglia di Agrigento", "year": -261, "period": "antica", "reliability": "media", "wikidata": "Q917376", "part_of": ["prima guerra punica"], "wikipedia": "https://it.wikipedia.org/wiki/Battaglia_di_Agrigento"}, "geometry": {"type": "Point", "coordinates": [13.5833, 37.3167]}}, {"type": "Feature", "properties": {"name": "battaglia di Milazzo", "year": -260, "period": "antica", "reliability": "media", "wikidata": "Q277345", "part_of": ["prima guerra punica"], "wikipedia": "https://it.wikipedia.org/wiki/Battaglia_di_Milazzo_(260_a.C.)"}, "geometry": {"type": "Point", "coordinates": [15.2333, 38.2167]}}, {"type": "Feature", "properties": {"name": "battaglia di Sulci", "year": -258, "period": "antica", "reliability": "media", "wikidata": "Q1886703", "part_of": ["prima guerra punica"], "wikipedia": "https://it.wikipedia.org/wiki/Battaglia_di_Sulci"}, "geometry": {"type": "Point", "coordinates": [8.45, 39.0667]}}, {"type": "Feature", "properties": {"name": "battaglia di Tindari", "year": -257, "period": "antica", "reliability": "media", "wikidata": "Q1355206", "part_of": ["prima guerra punica"], "wikipedia": "https://it.wikipedia.org/wiki/Battaglia_di_Tindari"}, "geometry": {"type": "Point", "coordinates": [15.03972, 38.14556]}}, {"type": "Feature", "properties": {"name": "battaglia di Palermo", "year": -254, "period": "antica", "reliability": "media", "wikidata": "Q9424298", "wikipedia": "https://it.wikipedia.org/wiki/Battaglia_di_Palermo_(254_a.C.)"}, "geometry": {"type": "Point", "coordinates": [13.3667, 38.1167]}}, {"type": "Feature", "properties": {"name": "battaglia di Palermo", "year": -251, "period": "antica", "reliability": "media", "wikidata": "Q1476126", "part_of": ["prima guerra punica"], "wikipedia": "https://it.wikipedia.org/wiki/Battaglia_di_Palermo_(251_a.C.)"}, "geometry": {"type": "Point", "coordinates": [13.3667, 38.1167]}}, {"type": "Feature", "properties": {"name": "battaglie di Monte Erice", "year": -249, "period": "antica", "reliability": "media", "wikidata": "Q379280", "year_end": -241, "part_of": ["prima guerra punica"], "wikipedia": "https://it.wikipedia.org/wiki/Battaglie_di_Monte_Erice"}, "geometry": {"type": "Point", "coordinates": [13.35, 38.1667]}}, {"type": "Feature", "properties": {"name": "battaglia di Trapani", "year": -249, "period": "antica", "reliability": "media", "wikidata": "Q590014", "part_of": ["prima guerra punica"], "wikipedia": "https://it.wikipedia.org/wiki/Battaglia_di_Trapani"}, "geometry": {"type": "Point", "coordinates": [12.505, 38.01]}}, {"type": "Feature", "properties": {"name": "battaglia delle Isole Egadi", "year": -241, "period": "antica", "reliability": "media", "wikidata": "Q1134649", "part_of": ["prima guerra punica"], "wikipedia": "https://it.wikipedia.org/wiki/Battaglia_delle_Isole_Egadi"}, "geometry": {"type": "Point", "coordinates": [12.2, 37.9667]}}, {"type": "Feature", "properties": {"name": "battaglia di Talamone", "year": -225, "period": "antica", "reliability": "media", "wikidata": "Q175985", "part_of": ["Cisalpine Gaul War"], "wikipedia": "https://it.wikipedia.org/wiki/Battaglia_di_Talamone"}, "geometry": {"type": "Point", "coordinates": [11.133, 42.555]}}, {"type": "Feature", "properties": {"name": "Battle of Faesulae", "year": -225, "period": "antica", "reliability": "media", "wikidata": "Q3623158", "part_of": ["Guerre romano-celtiche"], "wikipedia": "https://en.wikipedia.org/wiki/Battle_of_Faesulae_(225_BC)"}, "geometry": {"type": "Point", "coordinates": [12.38639, 43.46028]}}, {"type": "Feature", "properties": {"name": "battaglia di Clastidium", "year": -222, "period": "antica", "reliability": "media", "wikidata": "Q675000", "part_of": ["Guerre romano-celtiche"], "wikipedia": "https://it.wikipedia.org/wiki/Battaglia_di_Clastidium"}, "geometry": {"type": "Point", "coordinates": [9.13333, 45.01667]}}, {"type": "Feature", "properties": {"name": "battaglia della Trebbia", "year": -218, "period": "antica", "reliability": "media", "wikidata": "Q271873", "part_of": ["seconda guerra punica"], "wikipedia": "https://it.wikipedia.org/wiki/Battaglia_della_Trebbia"}, "geometry": {"type": "Point", "coordinates": [9.5675, 44.9875]}}, {"type": "Feature", "properties": {"name": "battaglia del Ticino", "year": -218, "period": "antica", "reliability": "media", "wikidata": "Q378957", "part_of": ["seconda guerra punica"], "wikipedia": "https://it.wikipedia.org/wiki/Battaglia_del_Ticino"}, "geometry": {"type": "Point", "coordinates": [8.86667, 45.25]}}, {"type": "Feature", "properties": {"name": "battaglia di Lilibeo", "year": -218, "period": "antica", "reliability": "media", "wikidata": "Q113317", "part_of": ["seconda guerra punica"], "wikipedia": "https://it.wikipedia.org/wiki/Battaglia_di_Lilibeo_(218_a.C.)"}, "geometry": {"type": "Point", "coordinates": [12.43333, 37.8]}}, {"type": "Feature", "properties": {"name": "battaglia del lago Trasimeno", "year": -217, "period": "antica", "reliability": "media", "wikidata": "Q207250", "part_of": ["seconda guerra punica"], "wikipedia": "https://it.wikipedia.org/wiki/Battaglia_del_lago_Trasimeno"}, "geometry": {"type": "Point", "coordinates": [12.085, 43.1975]}}, {"type": "Feature", "properties": {"name": "Battaglia dell'Ager Falernus", "year": -217, "period": "antica", "reliability": "media", "wikidata": "Q999235", "part_of": ["seconda guerra punica"], "wikipedia": "https://it.wikipedia.org/wiki/Battaglia_dell%27Ager_Falernus"}, "geometry": {"type": "Point", "coordinates": [14.55, 41.1833]}}, {"type": "Feature", "properties": {"name": "Battaglia di Geronio", "year": -217, "period": "antica", "reliability": "media", "wikidata": "Q1974201", "part_of": ["seconda guerra punica"], "wikipedia": "https://it.wikipedia.org/wiki/Battaglia_di_Geronio"}, "geometry": {"type": "Point", "coordinates": [14.73336, 41.76183]}}, {"type": "Feature", "properties": {"name": "battaglia di Canne", "year": -216, "period": "antica", "reliability": "media", "wikidata": "Q179591", "part_of": ["seconda guerra punica"], "wikipedia": "https://it.wikipedia.org/wiki/Battaglia_di_Canne"}, "geometry": {"type": "Point", "coordinates": [16.1325, 41.30639]}}, {"type": "Feature", "properties": {"name": "prima battaglia di Nola", "year": -216, "period": "antica", "reliability": "media", "wikidata": "Q925828", "part_of": ["seconda guerra punica"], "wikipedia": "https://it.wikipedia.org/wiki/Battaglia_di_Nola_(216_a.C.)"}, "geometry": {"type": "Point", "coordinates": [14.5275, 40.92611]}}, {"type": "Feature", "properties": {"name": "battaglia della Selva Litana", "year": -216, "period": "antica", "reliability": "media", "wikidata": "Q3636293", "part_of": ["seconda guerra punica"], "wikipedia": "https://it.wikipedia.org/wiki/Battaglia_della_Selva_Litana"}, "geometry": {"type": "Point", "coordinates": [11.09167, 44.40917]}}, {"type": "Feature", "properties": {"name": "seconda battaglia di Nola", "year": -215, "period": "antica", "reliability": "media", "wikidata": "Q233402", "part_of": ["seconda guerra punica"], "wikipedia": "https://it.wikipedia.org/wiki/Battaglia_di_Nola_(215_a.C.)"}, "geometry": {"type": "Point", "coordinates": [14.5275, 40.92611]}}, {"type": "Feature", "properties": {"name": "battaglia di Decimomannu", "year": -215, "period": "antica", "reliability": "media", "wikidata": "Q2095240", "part_of": ["seconda guerra punica"], "wikipedia": "https://it.wikipedia.org/wiki/Battaglia_di_Decimomannu"}, "geometry": {"type": "Point", "coordinates": [8.97, 39.31]}}, {"type": "Feature", "properties": {"name": "battaglia di Cuma", "year": -215, "period": "antica", "reliability": "media", "wikidata": "Q17622605", "part_of": ["seconda guerra punica"], "wikipedia": "https://it.wikipedia.org/wiki/Battaglia_di_Cuma_(215_a.C.)"}, "geometry": {"type": "Point", "coordinates": [14.0536, 40.8486]}}, {"type": "Feature", "properties": {"name": "terza battaglia di Nola", "year": -214, "period": "antica", "reliability": "media", "wikidata": "Q913464", "part_of": ["seconda guerra punica"], "wikipedia": "https://it.wikipedia.org/wiki/Battaglia_di_Nola_(214_a.C.)"}, "geometry": {"type": "Point", "coordinates": [14.5275, 40.92611]}}, {"type": "Feature", "properties": {"name": "battaglia di Benevento", "year": -214, "period": "antica", "reliability": "media", "wikidata": "Q1362016", "part_of": ["seconda guerra punica"], "wikipedia": "https://it.wikipedia.org/wiki/Battaglia_di_Benevento_(214_a.C.)"}, "geometry": {"type": "Point", "coordinates": [14.7833, 41.1333]}}, {"type": "Feature", "properties": {"name": "Second Battle of Beneventum", "year": -212, "period": "antica", "reliability": "media", "wikidata": "Q233363", "part_of": ["seconda guerra punica"]}, "geometry": {"type": "Point", "coordinates": [14.77806, 41.13111]}}, {"type": "Feature", "properties": {"name": "assedio di Capua", "year": -212, "period": "antica", "reliability": "media", "wikidata": "Q427853", "part_of": ["seconda guerra punica"], "wikipedia": "https://it.wikipedia.org/wiki/Assedio_di_Capua_(211_a.C.)"}, "geometry": {"type": "Point", "coordinates": [14.25, 41.08333]}}, {"type": "Feature", "properties": {"name": "battaglia del Silaro", "year": -212, "period": "antica", "reliability": "media", "wikidata": "Q1362014", "part_of": ["seconda guerra punica"], "wikipedia": "https://it.wikipedia.org/wiki/Battaglia_del_Silaro"}, "geometry": {"type": "Point", "coordinates": [14.94253, 40.48163]}}, {"type": "Feature", "properties": {"name": "First Battle of Tarentum", "year": -212, "period": "antica", "reliability": "media", "wikidata": "Q1362023", "part_of": ["seconda guerra punica"]}, "geometry": {"type": "Point", "coordinates": [17.23333, 40.46667]}}, {"type": "Feature", "properties": {"name": "battaglia di Herdonia", "year": -212, "period": "antica", "reliability": "media", "wikidata": "Q1362035", "part_of": ["seconda guerra punica"], "wikipedia": "https://it.wikipedia.org/wiki/Battaglia_di_Herdonia_(212_a.C.)"}, "geometry": {"type": "Point", "coordinates": [15.63333, 41.31667]}}, {"type": "Feature", "properties": {"name": "battaglia di Benevento", "year": -212, "period": "antica", "reliability": "media", "wikidata": "Q2586793", "part_of": ["seconda guerra punica"], "wikipedia": "https://it.wikipedia.org/wiki/Battaglia_di_Benevento_(212_a.C.)"}, "geometry": {"type": "Point", "coordinates": [14.7833, 41.1333]}}, {"type": "Feature", "properties": {"name": "assedio di Taranto", "year": -212, "period": "antica", "reliability": "media", "wikidata": "Q2632522", "part_of": ["seconda guerra punica"], "wikipedia": "https://it.wikipedia.org/wiki/Assedio_di_Taranto_(212_a.C.)"}, "geometry": {"type": "Point", "coordinates": [17.24083, 40.41806]}}, {"type": "Feature", "properties": {"name": "seconda battaglia di Capua", "year": -211, "period": "antica", "reliability": "media", "wikidata": "Q233373", "part_of": ["seconda guerra punica"], "wikipedia": "https://it.wikipedia.org/wiki/Seconda_battaglia_di_Capua"}, "geometry": {"type": "Point", "coordinates": [14.25, 41.08333]}}, {"type": "Feature", "properties": {"name": "battaglia di Erdonia", "year": -210, "period": "antica", "reliability": "media", "wikidata": "Q233386", "part_of": ["seconda guerra punica"], "wikipedia": "https://it.wikipedia.org/wiki/Battaglia_di_Erdonia_(210_a.C.)"}, "geometry": {"type": "Point", "coordinates": [15.63333, 41.31667]}}, {"type": "Feature", "properties": {"name": "battaglia di Numistro", "year": -210, "period": "antica", "reliability": "media", "wikidata": "Q1184835", "part_of": ["seconda guerra punica"], "wikipedia": "https://it.wikipedia.org/wiki/Battaglia_di_Numistro"}, "geometry": {"type": "Point", "coordinates": [16.31979, 38.9756]}}, {"type": "Feature", "properties": {"name": "Second Battle of Tarentum", "year": -209, "period": "antica", "reliability": "media", "wikidata": "Q233406", "part_of": ["seconda guerra punica"]}, "geometry": {"type": "Point", "coordinates": [17.23333, 40.46667]}}, {"type": "Feature", "properties": {"name": "battaglia di Ascoli", "year": -209, "period": "antica", "reliability": "media", "wikidata": "Q778730", "part_of": ["seconda guerra punica"], "wikipedia": "https://it.wikipedia.org/wiki/Battaglia_di_Ascoli_(209_a.C.)"}, "geometry": {"type": "Point", "coordinates": [16.06603, 41.23664]}}, {"type": "Feature", "properties": {"name": "assedio di Taranto", "year": -209, "period": "antica", "reliability": "media", "wikidata": "Q2632506", "part_of": ["seconda guerra punica"], "wikipedia": "https://it.wikipedia.org/wiki/Assedio_di_Taranto_(209_a.C.)"}, "geometry": {"type": "Point", "coordinates": [17.24083, 40.41806]}}, {"type": "Feature", "properties": {"name": "Battle of Petelia", "year": -208, "period": "antica", "reliability": "media", "wikidata": "Q11688220", "part_of": ["seconda guerra punica"], "wikipedia": "https://en.wikipedia.org/wiki/Battle_of_Petelia"}, "geometry": {"type": "Point", "coordinates": [17.0489, 39.265]}}, {"type": "Feature", "properties": {"name": "battaglia del Metauro", "year": -207, "period": "antica", "reliability": "media", "wikidata": "Q848056", "part_of": ["seconda guerra punica"], "wikipedia": "https://it.wikipedia.org/wiki/Battaglia_del_Metauro"}, "geometry": {"type": "Point", "coordinates": [13.01451, 43.78237]}}, {"type": "Feature", "properties": {"name": "battaglia di Grumento", "year": -207, "period": "antica", "reliability": "media", "wikidata": "Q1500202", "part_of": ["seconda guerra punica"], "wikipedia": "https://it.wikipedia.org/wiki/Battaglia_di_Grumento"}, "geometry": {"type": "Point", "coordinates": [15.88972, 40.28389]}}, {"type": "Feature", "properties": {"name": "battaglia di Crotone", "year": -204, "period": "antica", "reliability": "media", "wikidata": "Q1474647", "part_of": ["seconda guerra punica"], "wikipedia": "https://it.wikipedia.org/wiki/Battaglia_di_Crotone"}, "geometry": {"type": "Point", "coordinates": [17.11667, 39.08333]}}, {"type": "Feature", "properties": {"name": "spedizione di Magone", "year": -203, "period": "antica", "reliability": "media", "wikidata": "Q2979703", "part_of": ["seconda guerra punica"], "wikipedia": "https://it.wikipedia.org/wiki/Spedizione_di_Magone"}, "geometry": {"type": "Point", "coordinates": [9.16667, 45.46667]}}, {"type": "Feature", "properties": {"name": "Battaglia di Cremona", "year": -200, "period": "antica", "reliability": "media", "wikidata": "Q3491975", "part_of": ["Guerre romano-celtiche"], "wikipedia": "https://it.wikipedia.org/wiki/Battaglia_di_Cremona_(200_a.C.)"}, "geometry": {"type": "Point", "coordinates": [10.03333, 45.13333]}}, {"type": "Feature", "properties": {"name": "battaglia dei Campi Raudii", "year": -101, "period": "antica", "reliability": "media", "wikidata": "Q846491", "part_of": ["guerre cimbriche"], "wikipedia": "https://it.wikipedia.org/wiki/Battaglia_dei_Campi_Raudii"}, "geometry": {"type": "Point", "coordinates": [8.41667, 45.31667]}}, {"type": "Feature", "properties": {"name": "Battle of Firmum", "year": -90, "period": "antica", "reliability": "media", "wikidata": "Q85745835", "wikipedia": "https://en.wikipedia.org/wiki/Battle_of_Firmum"}, "geometry": {"type": "Point", "coordinates": [13.71583, 43.16083]}}, {"type": "Feature", "properties": {"name": "battaglia di Ascoli", "year": -89, "period": "antica", "reliability": "media", "wikidata": "Q137567", "part_of": ["guerra sociale"], "wikipedia": "https://it.wikipedia.org/wiki/Battaglia_di_Ascoli_(89_a.C.)"}, "geometry": {"type": "Point", "coordinates": [13.54722, 41.995]}}, {"type": "Feature", "properties": {"name": "battaglia del lago del Fucino", "year": -89, "period": "antica", "reliability": "media", "wikidata": "Q4871069", "part_of": ["guerra sociale"], "wikipedia": "https://it.wikipedia.org/wiki/Battaglia_del_lago_del_Fucino"}, "geometry": {"type": "Point", "coordinates": [13.54722, 41.995]}}, {"type": "Feature", "properties": {"name": "Second Battle of Clusium", "year": -82, "period": "antica", "reliability": "media", "wikidata": "Q384729", "part_of": ["Guerra civile romana"], "wikipedia": "https://en.wikipedia.org/wiki/Second_Battle_of_Clusium"}, "geometry": {"type": "Point", "coordinates": [11.95, 43.01667]}}, {"type": "Feature", "properties": {"name": "battaglia di Porta Collina", "year": -82, "period": "antica", "reliability": "media", "wikidata": "Q1230563", "part_of": ["Guerra civile romana", "Guerre civili"], "wikipedia": "https://it.wikipedia.org/wiki/Battaglia_di_Porta_Collina"}, "geometry": {"type": "Point", "coordinates": [12.49861, 41.90722]}}, {"type": "Feature", "properties": {"name": "Battle of Faventia", "year": -82, "period": "antica", "reliability": "media", "wikidata": "Q2841547", "part_of": ["Guerra civile romana"], "wikipedia": "https://en.wikipedia.org/wiki/Battle_of_Faventia_(82_BC)"}, "geometry": {"type": "Point", "coordinates": [11.88333, 44.28333]}}, {"type": "Feature", "properties": {"name": "Battle of Fidentia", "year": -82, "period": "antica", "reliability": "media", "wikidata": "Q4871013", "part_of": ["Guerra civile romana"], "wikipedia": "https://en.wikipedia.org/wiki/Battle_of_Fidentia_(82_BC)"}, "geometry": {"type": "Point", "coordinates": [10.06667, 44.86667]}}, {"type": "Feature", "properties": {"name": "Battaglia di Sacriporto", "year": -82, "period": "antica", "reliability": "media", "wikidata": "Q4872231", "part_of": ["Guerra civile romana"], "wikipedia": "https://it.wikipedia.org/wiki/Battaglia_di_Sacriporto"}, "geometry": {"type": "Point", "coordinates": [13.05, 41.7]}}, {"type": "Feature", "properties": {"name": "First Battle of Clusium", "year": -82, "period": "antica", "reliability": "media", "wikidata": "Q5452512", "part_of": ["Guerra civile romana"], "wikipedia": "https://en.wikipedia.org/wiki/First_Battle_of_Clusium"}, "geometry": {"type": "Point", "coordinates": [11.67136, 43.05005]}}, {"type": "Feature", "properties": {"name": "Battle of Sena Gallica", "year": -82, "period": "antica", "reliability": "media", "wikidata": "Q12156091", "part_of": ["Guerra civile romana"], "wikipedia": "https://en.wikipedia.org/wiki/Battle_of_Sena_Gallica_(82_BC)"}, "geometry": {"type": "Point", "coordinates": [13.21667, 43.71667]}}, {"type": "Feature", "properties": {"name": "battaglia del fiume Silaro", "year": -71, "period": "antica", "reliability": "media", "wikidata": "Q233344", "part_of": ["Terza guerra servile"], "wikipedia": "https://it.wikipedia.org/wiki/Battaglia_del_fiume_Sele"}, "geometry": {"type": "Point", "coordinates": [14.94253, 40.48163]}}, {"type": "Feature", "properties": {"name": "battaglia di Perugia", "year": -41, "period": "antica", "reliability": "media", "wikidata": "Q960915", "year_end": -40, "part_of": ["Guerra di Perugia"]}, "geometry": {"type": "Point", "coordinates": [12.38917, 43.1107]}}, {"type": "Feature", "properties": {"name": "battaglia di Nauloco", "year": -36, "period": "antica", "reliability": "media", "wikidata": "Q676692", "part_of": ["Rivolta siciliana"], "wikipedia": "https://it.wikipedia.org/wiki/Battaglia_di_Nauloco"}, "geometry": {"type": "Point", "coordinates": [15.65, 38.25]}}, {"type": "Feature", "properties": {"name": "Prima battaglia di Bedriaco", "year": 69, "period": "antica", "reliability": "media", "wikidata": "Q386578", "part_of": ["Battaglie di Bedriaco", "guerra civile romana"], "wikipedia": "https://it.wikipedia.org/wiki/Prima_battaglia_di_Bedriaco"}, "geometry": {"type": "Point", "coordinates": [10.14, 45.09]}}, {"type": "Feature", "properties": {"name": "seconda battaglia di Bedriaco", "year": 69, "period": "antica", "reliability": "media", "wikidata": "Q2163922", "part_of": ["Battaglie di Bedriaco", "guerra civile romana"], "wikipedia": "https://it.wikipedia.org/wiki/Seconda_battaglia_di_Bedriaco"}, "geometry": {"type": "Point", "coordinates": [10.13, 45.08]}}, {"type": "Feature", "properties": {"name": "Battaglie di Bedriaco", "year": 69, "period": "antica", "reliability": "media", "wikidata": "Q63146684", "part_of": ["guerra civile romana"], "wikipedia": "https://en.wikipedia.org/wiki/Battle_of_Bedriacum"}, "geometry": {"type": "Point", "coordinates": [10.14, 45.09]}}, {"type": "Feature", "properties": {"name": "Battaglia di Verona (249)", "year": 249, "period": "antica", "reliability": "media", "wikidata": "Q2707586", "wikipedia": "https://it.wikipedia.org/wiki/Battaglia_di_Verona_(249)"}, "geometry": {"type": "Point", "coordinates": [10.99253, 45.42625]}}, {"type": "Feature", "properties": {"name": "battaglia di Milano", "year": 259, "period": "antica", "reliability": "media", "wikidata": "Q2309606", "wikipedia": "https://it.wikipedia.org/wiki/Battaglia_di_Milano_(260)"}, "geometry": {"type": "Point", "coordinates": [9.16667, 45.4667]}}, {"type": "Feature", "properties": {"name": "battaglia del lago Benaco", "year": 268, "period": "antica", "reliability": "media", "wikidata": "Q1267656", "part_of": ["Campaigns of Aurelian", "guerra gotica"], "wikipedia": "https://it.wikipedia.org/wiki/Battaglia_del_lago_Benaco"}, "geometry": {"type": "Point", "coordinates": [10.62053, 45.5806]}}, {"type": "Feature", "properties": {"name": "battaglia di Fano", "year": 271, "period": "antica", "reliability": "media", "wikidata": "Q762600", "part_of": ["Campaigns of Aurelian", "guerre romano-germaniche"], "wikipedia": "https://it.wikipedia.org/wiki/Battaglia_di_Fano"}, "geometry": {"type": "Point", "coordinates": [13.0167, 43.8333]}}, {"type": "Feature", "properties": {"name": "battaglia di Pavia", "year": 271, "period": "antica", "reliability": "media", "wikidata": "Q1289831", "part_of": ["Campaigns of Aurelian", "guerre romano-germaniche"], "wikipedia": "https://it.wikipedia.org/wiki/Battaglia_di_Pavia_(271)"}, "geometry": {"type": "Point", "coordinates": [9.15, 45.1833]}}, {"type": "Feature", "properties": {"name": "battaglia di Piacenza", "year": 271, "period": "antica", "reliability": "media", "wikidata": "Q1289843", "part_of": ["Campaigns of Aurelian", "guerre romano-germaniche"], "wikipedia": "https://it.wikipedia.org/wiki/Battaglia_di_Piacenza_(271)"}, "geometry": {"type": "Point", "coordinates": [9.7, 45.05]}}, {"type": "Feature", "properties": {"name": "battaglia di Ponte Milvio", "year": 312, "period": "antica", "reliability": "media", "wikidata": "Q339321", "part_of": ["guerra civile romana"], "wikipedia": "https://it.wikipedia.org/wiki/Battaglia_di_Ponte_Milvio"}, "geometry": {"type": "Point", "coordinates": [12.46694, 41.93556]}}, {"type": "Feature", "properties": {"name": "battaglia di Verona", "year": 312, "period": "antica", "reliability": "media", "wikidata": "Q1547153", "wikipedia": "https://it.wikipedia.org/wiki/Battaglia_di_Verona_(312)"}, "geometry": {"type": "Point", "coordinates": [10.98333, 45.43333]}}, {"type": "Feature", "properties": {"name": "battaglia di Torino", "year": 312, "period": "antica", "reliability": "media", "wikidata": "Q2364744", "wikipedia": "https://it.wikipedia.org/wiki/Battaglia_di_Torino_(312)"}, "geometry": {"type": "Point", "coordinates": [7.7, 45.06667]}}, {"type": "Feature", "properties": {"name": "Battle of Brescia", "year": 312, "period": "antica", "reliability": "media", "wikidata": "Q25420405", "wikipedia": "https://en.wikipedia.org/wiki/Battle_of_Brescia_(312)"}, "geometry": {"type": "Point", "coordinates": [10.23333, 45.53333]}}, {"type": "Feature", "properties": {"name": "battaglia di Pollenzo", "year": 402, "period": "antica", "reliability": "media", "wikidata": "Q762717", "part_of": ["guerra gotica"], "wikipedia": "https://it.wikipedia.org/wiki/Battaglia_di_Pollenzo"}, "geometry": {"type": "Point", "coordinates": [7.85, 44.7]}}, {"type": "Feature", "properties": {"name": "battaglia di Verona", "year": 402, "period": "antica", "reliability": "media", "wikidata": "Q1890225", "part_of": ["guerra gotica"], "wikipedia": "https://it.wikipedia.org/wiki/Battaglia_di_Verona_(403)"}, "geometry": {"type": "Point", "coordinates": [10.9833, 45.4333]}}, {"type": "Feature", "properties": {"name": "Siege of Asti", "year": 402, "period": "antica", "reliability": "media", "wikidata": "Q7509826", "part_of": ["guerra gotica"], "wikipedia": "https://en.wikipedia.org/wiki/Siege_of_Asti_(402)"}, "geometry": {"type": "Point", "coordinates": [8.20694, 44.9]}}, {"type": "Feature", "properties": {"name": "battaglia di Ravenna", "year": 432, "period": "antica", "reliability": "media", "wikidata": "Q2435881", "part_of": ["Roman civil war of 432"], "wikipedia": "https://it.wikipedia.org/wiki/Battaglia_di_Ravenna_(432)"}, "geometry": {"type": "Point", "coordinates": [12.2, 44.41667]}}, {"type": "Feature", "properties": {"name": "Battaglia di Ravenna (476)", "year": 476, "period": "medievale", "reliability": "media", "wikidata": "Q4872170", "part_of": ["guerre romano-germaniche"], "wikipedia": "https://it.wikipedia.org/wiki/Battaglia_di_Ravenna_(476)"}, "geometry": {"type": "Point", "coordinates": [12.2, 44.41667]}}, {"type": "Feature", "properties": {"name": "battaglia dell'Isonzo", "year": 489, "period": "medievale", "reliability": "media", "wikidata": "Q1281559", "part_of": ["conquista dell'Italia di Teodorico"], "wikipedia": "https://it.wikipedia.org/wiki/Battaglia_dell%27Isonzo_(V_secolo)"}, "geometry": {"type": "Point", "coordinates": [13.37119, 45.76973]}}, {"type": "Feature", "properties": {"name": "Siege of Ravenna", "year": 490, "period": "medievale", "reliability": "media", "wikidata": "Q354560", "year_end": 493, "part_of": ["conquista dell'Italia di Teodorico"], "wikipedia": "https://en.wikipedia.org/wiki/Siege_of_Ravenna_(490%E2%80%93493)"}, "geometry": {"type": "Point", "coordinates": [12.19944, 44.41778]}}, {"type": "Feature", "properties": {"name": "Battle of Treviso", "year": 541, "period": "medievale", "reliability": "media", "wikidata": "Q20312996", "part_of": ["guerra gotica"], "wikipedia": "https://en.wikipedia.org/wiki/Battle_of_Treviso"}, "geometry": {"type": "Point", "coordinates": [11.52, 45.54]}}, {"type": "Feature", "properties": {"name": "battaglia di Faenza", "year": 542, "period": "medievale", "reliability": "media", "wikidata": "Q1895789", "part_of": ["guerra gotica"], "wikipedia": "https://it.wikipedia.org/wiki/Battaglia_di_Faenza_(542)"}, "geometry": {"type": "Point", "coordinates": [11.88333, 44.28556]}}, {"type": "Feature", "properties": {"name": "Battle of Mucellium", "year": 542, "period": "medievale", "reliability": "media", "wikidata": "Q2237629", "part_of": ["guerra gotica"], "wikipedia": "https://en.wikipedia.org/wiki/Battle_of_Mucellium"}, "geometry": {"type": "Point", "coordinates": [11.3833, 43.95]}}, {"type": "Feature", "properties": {"name": "assedio di Roma", "year": 546, "period": "medievale", "reliability": "media", "wikidata": "Q2628454", "part_of": ["guerra gotica"], "wikipedia": "https://it.wikipedia.org/wiki/Assedio_di_Roma_(546)"}, "geometry": {"type": "Point", "coordinates": [12.50861, 41.88583]}}, {"type": "Feature", "properties": {"name": "battaglia di Sena Gallica", "year": 551, "period": "medievale", "reliability": "media", "wikidata": "Q2119353", "part_of": ["guerra gotica"], "wikipedia": "https://it.wikipedia.org/wiki/Battaglia_di_Sena_Gallica"}, "geometry": {"type": "Point", "coordinates": [13.25278, 43.71306]}}, {"type": "Feature", "properties": {"name": "battaglia di Tagina", "year": 552, "period": "medievale", "reliability": "media", "wikidata": "Q769358", "part_of": ["guerra gotica"], "wikipedia": "https://it.wikipedia.org/wiki/Battaglia_di_Tagina"}, "geometry": {"type": "Point", "coordinates": [12.78333, 43.23333]}}, {"type": "Feature", "properties": {"name": "battaglia dei Monti Lattari", "year": 552, "period": "medievale", "reliability": "media", "wikidata": "Q1137764", "part_of": ["guerra gotica"], "wikipedia": "https://it.wikipedia.org/wiki/Battaglia_dei_Monti_Lattari"}, "geometry": {"type": "Point", "coordinates": [14.5, 40.65]}}, {"type": "Feature", "properties": {"name": "battaglia del Volturno", "year": 554, "period": "medievale", "reliability": "media", "wikidata": "Q1458166", "part_of": ["guerra gotica"], "wikipedia": "https://it.wikipedia.org/wiki/Battaglia_del_Volturno_(554)"}, "geometry": {"type": "Point", "coordinates": [14.05667, 41.09167]}}, {"type": "Feature", "properties": {"name": "battaglia di Ravenna", "year": 729, "period": "medievale", "reliability": "media", "wikidata": "Q3636595", "wikipedia": "https://it.wikipedia.org/wiki/Battaglia_di_Ravenna_(729)"}, "geometry": {"type": "Point", "coordinates": [12.2, 44.41667]}}, {"type": "Feature", "properties": {"name": "Battle of Comacchio", "year": 809, "period": "medievale", "reliability": "media", "wikidata": "Q55605027", "wikipedia": "https://en.wikipedia.org/wiki/Battle_of_Comacchio"}, "geometry": {"type": "Point", "coordinates": [12.1703, 44.6838]}}, {"type": "Feature", "properties": {"name": "battaglia di Licosa", "year": 846, "period": "medievale", "reliability": "media", "wikidata": "Q3636499", "part_of": ["Muslim invasions of Italy"], "wikipedia": "https://it.wikipedia.org/wiki/Battaglia_di_Licosa"}, "geometry": {"type": "Point", "coordinates": [14.54, 40.15]}}, {"type": "Feature", "properties": {"name": "battaglia di Ostia", "year": 849, "period": "medievale", "reliability": "media", "wikidata": "Q1268954", "wikipedia": "https://it.wikipedia.org/wiki/Battaglia_di_Ostia"}, "geometry": {"type": "Point", "coordinates": [12.2833, 41.75]}}, {"type": "Feature", "properties": {"name": "Battaglia di Caltavuturo", "year": 881, "period": "medievale", "reliability": "media", "wikidata": "Q41371473", "part_of": ["conquista islamica della Sicilia"], "wikipedia": "https://it.wikipedia.org/wiki/Battaglia_di_Caltavuturo"}, "geometry": {"type": "Point", "coordinates": [15.318, 37.844]}}, {"type": "Feature", "properties": {"name": "battaglia di Capo Colonna", "year": 982, "period": "medievale", "reliability": "media", "wikidata": "Q703523", "part_of": ["Muslim invasions of Italy"], "wikipedia": "https://it.wikipedia.org/wiki/Battaglia_di_Capo_Colonna"}, "geometry": {"type": "Point", "coordinates": [17.2022, 39.0254]}}, {"type": "Feature", "properties": {"name": "battaglia di Canne", "year": 1018, "period": "medievale", "reliability": "media", "wikidata": "Q608438", "part_of": ["conquista normanna dell'Italia meridionale"], "wikipedia": "https://it.wikipedia.org/wiki/Battaglia_di_Canne_(1018)"}, "geometry": {"type": "Point", "coordinates": [16.15167, 41.29639]}}, {"type": "Feature", "properties": {"name": "battaglia di Montepeloso", "year": 1041, "period": "medievale", "reliability": "media", "wikidata": "Q3636538", "part_of": ["conquista normanna dell'Italia meridionale"], "wikipedia": "https://it.wikipedia.org/wiki/Battaglia_di_Montepeloso"}, "geometry": {"type": "Point", "coordinates": [16.23333, 40.75]}}, {"type": "Feature", "properties": {"name": "battaglia di Montemaggiore", "year": 1041, "period": "medievale", "reliability": "media", "wikidata": "Q3636537", "part_of": ["conquista normanna dell'Italia meridionale"], "wikipedia": "https://it.wikipedia.org/wiki/Battaglia_di_Montemaggiore"}, "geometry": {"type": "Point", "coordinates": [16.21667, 41.35]}}, {"type": "Feature", "properties": {"name": "battaglia di Olivento", "year": 1041, "period": "medievale", "reliability": "media", "wikidata": "Q3636556", "part_of": ["conquista normanna dell'Italia meridionale"], "wikipedia": "https://it.wikipedia.org/wiki/Battaglia_di_Olivento"}, "geometry": {"type": "Point", "coordinates": [15.7526, 41.0515]}}, {"type": "Feature", "properties": {"name": "battaglia di Civitate", "year": 1053, "period": "medievale", "reliability": "media", "wikidata": "Q61100", "part_of": ["conquista normanna dell'Italia meridionale"], "wikipedia": "https://it.wikipedia.org/wiki/Battaglia_di_Civitate"}, "geometry": {"type": "Point", "coordinates": [15.26667, 41.73333]}}, {"type": "Feature", "properties": {"name": "Battaglia di Cerami", "year": 1063, "period": "medievale", "reliability": "media", "wikidata": "Q85859789", "part_of": ["Conquista normanna della Sicilia"], "wikipedia": "https://it.wikipedia.org/wiki/Battaglia_di_Cerami"}, "geometry": {"type": "Point", "coordinates": [14.5, 37.78]}}, {"type": "Feature", "properties": {"name": "assedio di Bari", "year": 1068, "period": "medievale", "reliability": "media", "wikidata": "Q815120", "year_end": 1071, "part_of": ["guerre bizantino-normanne"], "wikipedia": "https://it.wikipedia.org/wiki/Assedio_di_Bari"}, "geometry": {"type": "Point", "coordinates": [16.86667, 41.12528]}}, {"type": "Feature", "properties": {"name": "battaglia di Volta Mantovana", "year": 1080, "period": "medievale", "reliability": "media", "wikidata": "Q16531530", "part_of": ["lotta per le investiture"], "wikipedia": "https://it.wikipedia.org/wiki/Battaglia_di_Volta_Mantovana_(1080)"}, "geometry": {"type": "Point", "coordinates": [10.65889, 45.32167]}}, {"type": "Feature", "properties": {"name": "battaglia di Nocera", "year": 1132, "period": "medievale", "reliability": "media", "wikidata": "Q1527286", "wikipedia": "https://it.wikipedia.org/wiki/Battaglia_di_Nocera"}, "geometry": {"type": "Point", "coordinates": [14.64158, 40.7563]}}, {"type": "Feature", "properties": {"name": "battaglia di Rignano", "year": 1137, "period": "medievale", "reliability": "media", "wikidata": "Q1527386", "wikipedia": "https://it.wikipedia.org/wiki/Battaglia_di_Rignano"}, "geometry": {"type": "Point", "coordinates": [15.58333, 41.68333]}}, {"type": "Feature", "properties": {"name": "Battaglia della Vernavola", "year": 1154, "period": "medievale", "reliability": "media", "wikidata": "Q107470306", "part_of": ["guelfi e ghibellini"], "wikipedia": "https://it.wikipedia.org/wiki/Battaglia_della_Vernavola"}, "geometry": {"type": "Point", "coordinates": [9.20639, 45.16396]}}, {"type": "Feature", "properties": {"name": "Battaglia di Siziano", "year": 1159, "period": "medievale", "reliability": "media", "wikidata": "Q109377380", "part_of": ["guelfi e ghibellini"], "wikipedia": "https://it.wikipedia.org/wiki/Battaglia_di_Siziano"}, "geometry": {"type": "Point", "coordinates": [9.20372, 45.31706]}}, {"type": "Feature", "properties": {"name": "Battaglia di Carcano", "year": 1160, "period": "medievale", "reliability": "media", "wikidata": "Q109377381", "part_of": ["guelfi e ghibellini"], "wikipedia": "https://it.wikipedia.org/wiki/Battaglia_di_Carcano"}, "geometry": {"type": "Point", "coordinates": [9.19807, 45.79939]}}, {"type": "Feature", "properties": {"name": "battaglia di Prata Porci", "year": 1167, "period": "medievale", "reliability": "media", "wikidata": "Q1138687", "part_of": ["guelfi e ghibellini"], "wikipedia": "https://it.wikipedia.org/wiki/Battaglia_di_Prata_Porci"}, "geometry": {"type": "Point", "coordinates": [12.7165, 41.818]}}, {"type": "Feature", "properties": {"name": "battaglia di Legnano", "year": 1176, "period": "medievale", "reliability": "media", "wikidata": "Q283364", "part_of": ["guelfi e ghibellini"], "wikipedia": "https://it.wikipedia.org/wiki/Battaglia_di_Legnano"}, "geometry": {"type": "Point", "coordinates": [8.90861, 45.60333]}}, {"type": "Feature", "properties": {"name": "Battaglia di Calcinato", "year": 1201, "period": "medievale", "reliability": "media", "wikidata": "Q55830967", "part_of": ["guelfi e ghibellini"], "wikipedia": "https://it.wikipedia.org/wiki/Battaglia_di_Calcinato_(1201)"}, "geometry": {"type": "Point", "coordinates": [10.41389, 45.48333]}}, {"type": "Feature", "properties": {"name": "battaglia di Cortenuova", "year": 1237, "period": "medievale", "reliability": "media", "wikidata": "Q1169274", "part_of": ["guelfi e ghibellini"], "wikipedia": "https://it.wikipedia.org/wiki/Battaglia_di_Cortenuova"}, "geometry": {"type": "Point", "coordinates": [9.78333, 45.53333]}}, {"type": "Feature", "properties": {"name": "Battaglia di Cassano d'Adda", "year": 1259, "period": "medievale", "reliability": "media", "wikidata": "Q599647", "part_of": ["guelfi e ghibellini"], "wikipedia": "https://it.wikipedia.org/wiki/Battaglia_di_Cassano_d%27Adda_(1259)"}, "geometry": {"type": "Point", "coordinates": [9.51677, 45.52606]}}, {"type": "Feature", "properties": {"name": "battaglia di Montaperti", "year": 1260, "period": "medievale", "reliability": "media", "wikidata": "Q587095", "part_of": ["guelfi e ghibellini"], "wikipedia": "https://it.wikipedia.org/wiki/Battaglia_di_Montaperti"}, "geometry": {"type": "Point", "coordinates": [11.43944, 43.31528]}}, {"type": "Feature", "properties": {"name": "battaglia di Benevento", "year": 1266, "period": "medievale", "reliability": "media", "wikidata": "Q283062", "part_of": ["Crusade against the Hohenstaufen"], "wikipedia": "https://it.wikipedia.org/wiki/Battaglia_di_Benevento_(1266)"}, "geometry": {"type": "Point", "coordinates": [14.77333, 41.13417]}}, {"type": "Feature", "properties": {"name": "battaglia di Tagliacozzo", "year": 1268, "period": "medievale", "reliability": "media", "wikidata": "Q1894062", "part_of": ["Crusade against the Hohenstaufen"], "wikipedia": "https://it.wikipedia.org/wiki/Battaglia_di_Tagliacozzo"}, "geometry": {"type": "Point", "coordinates": [13.25667, 42.06583]}}, {"type": "Feature", "properties": {"name": "battaglia di Colle", "year": 1269, "period": "medievale", "reliability": "media", "wikidata": "Q2249697", "part_of": ["guelfi e ghibellini"], "wikipedia": "https://it.wikipedia.org/wiki/Battaglia_di_Colle"}, "geometry": {"type": "Point", "coordinates": [11.131, 43.413]}}, {"type": "Feature", "properties": {"name": "Battle of Roccavione", "year": 1275, "period": "medievale", "reliability": "media", "wikidata": "Q4872192", "part_of": ["guelfi e ghibellini"], "wikipedia": "https://en.wikipedia.org/wiki/Battle_of_Roccavione"}, "geometry": {"type": "Point", "coordinates": [7.48333, 44.3167]}}, {"type": "Feature", "properties": {"name": "battaglia di Desio", "year": 1277, "period": "medievale", "reliability": "media", "wikidata": "Q1109794", "part_of": ["guelfi e ghibellini"], "wikipedia": "https://it.wikipedia.org/wiki/Battaglia_di_Desio"}, "geometry": {"type": "Point", "coordinates": [9.21667, 45.61667]}}, {"type": "Feature", "properties": {"name": "battaglia di Forlì", "year": 1282, "period": "medievale", "reliability": "media", "wikidata": "Q85745838", "wikipedia": "https://it.wikipedia.org/wiki/Battaglia_di_Forl%C3%AC"}, "geometry": {"type": "Point", "coordinates": [12.04201, 44.21556]}}, {"type": "Feature", "properties": {"name": "battaglia di Sperlinga", "year": 1283, "period": "medievale", "reliability": "media", "wikidata": "Q47467317", "part_of": ["Vespri siciliani"]}, "geometry": {"type": "Point", "coordinates": [14.35306, 37.76583]}}, {"type": "Feature", "properties": {"name": "battaglia dei Conti", "year": 1287, "period": "medievale", "reliability": "media", "wikidata": "Q4872897", "part_of": ["guerre del Vespro"], "wikipedia": "https://it.wikipedia.org/wiki/Battaglia_dei_Conti"}, "geometry": {"type": "Point", "coordinates": [14.25, 40.8333]}}, {"type": "Feature", "properties": {"name": "Siege of Augusta", "year": 1287, "period": "medievale", "reliability": "media", "wikidata": "Q15890862", "part_of": ["guerre del Vespro"]}, "geometry": {"type": "Point", "coordinates": [15.2167, 37.25]}}, {"type": "Feature", "properties": {"name": "battaglia di Campaldino", "year": 1289, "period": "medievale", "reliability": "media", "wikidata": "Q2888241", "part_of": ["guelfi e ghibellini"], "wikipedia": "https://it.wikipedia.org/wiki/Battaglia_di_Campaldino"}, "geometry": {"type": "Point", "coordinates": [11.75262, 43.73761]}}, {"type": "Feature", "properties": {"name": "Battle of Catanzaro", "year": 1297, "period": "medievale", "reliability": "media", "wikidata": "Q11908734", "part_of": ["Vespri siciliani"]}, "geometry": {"type": "Point", "coordinates": [16.6, 38.9]}}, {"type": "Feature", "properties": {"name": "battaglia di Le Castella", "year": 1297, "period": "medievale", "reliability": "media", "wikidata": "Q11908748", "wikipedia": "https://it.wikipedia.org/wiki/Battaglia_di_Le_Castella"}, "geometry": {"type": "Point", "coordinates": [17.02333, 38.90889]}}, {"type": "Feature", "properties": {"name": "Capture of Squillace", "year": 1297, "period": "medievale", "reliability": "media", "wikidata": "Q11942689", "part_of": ["guerre del Vespro"]}, "geometry": {"type": "Point", "coordinates": [16.51667, 38.78333]}}, {"type": "Feature", "properties": {"name": "Siege of Syracuse", "year": 1298, "period": "medievale", "reliability": "media", "wikidata": "Q11949559", "part_of": ["Vespri siciliani"]}, "geometry": {"type": "Point", "coordinates": [15.28333, 37.08333]}}, {"type": "Feature", "properties": {"name": "battaglia di Falconara", "year": 1299, "period": "medievale", "reliability": "media", "wikidata": "Q3636428", "part_of": ["guerre del Vespro"], "wikipedia": "https://it.wikipedia.org/wiki/Battaglia_di_Falconara"}, "geometry": {"type": "Point", "coordinates": [12.5322, 37.9372]}}, {"type": "Feature", "properties": {"name": "battaglia di Capo d'Orlando", "year": 1299, "period": "medievale", "reliability": "media", "wikidata": "Q3636368", "part_of": ["Angevin invasion of Sicily"], "wikipedia": "https://it.wikipedia.org/wiki/Battaglia_di_Capo_d%27Orlando"}, "geometry": {"type": "Point", "coordinates": [14.73333, 38.15]}}, {"type": "Feature", "properties": {"name": "Battle of Gagliano", "year": 1300, "period": "medievale", "reliability": "media", "wikidata": "Q11908737", "part_of": ["guerre del Vespro"], "wikipedia": "https://en.wikipedia.org/wiki/Battle_of_Gagliano"}, "geometry": {"type": "Point", "coordinates": [14.53333, 37.71667]}}, {"type": "Feature", "properties": {"name": "Battaglia di Ponza (1300)", "year": 1300, "period": "medievale", "reliability": "media", "wikidata": "Q4872078", "part_of": ["guerre del Vespro"], "wikipedia": "https://it.wikipedia.org/wiki/Battaglia_di_Ponza_(1300)"}, "geometry": {"type": "Point", "coordinates": [12.96667, 40.9]}}, {"type": "Feature", "properties": {"name": "Battaglia di Ponte San Pietro", "year": 1315, "period": "medievale", "reliability": "media", "wikidata": "Q65128501", "part_of": ["guelfi e ghibellini"], "wikipedia": "https://it.wikipedia.org/wiki/Battaglia_di_Ponte_San_Pietro"}, "geometry": {"type": "Point", "coordinates": [9.58173, 45.69849]}}, {"type": "Feature", "properties": {"name": "battaglia di Zappolino", "year": 1325, "period": "medievale", "reliability": "media", "wikidata": "Q402237", "part_of": ["Guerra della secchia rapita", "guelfi e ghibellini"], "wikipedia": "https://it.wikipedia.org/wiki/Battaglia_di_Zappolino"}, "geometry": {"type": "Point", "coordinates": [11.08333, 44.5]}}, {"type": "Feature", "properties": {"name": "battaglia di Stampace", "year": 1326, "period": "medievale", "reliability": "media", "wikidata": "Q20876722", "part_of": ["conquista aragonese della Sardegna"]}, "geometry": {"type": "Point", "coordinates": [9.11667, 39.21694]}}, {"type": "Feature", "properties": {"name": "Battaglia di San Felice", "year": 1332, "period": "medievale", "reliability": "media", "wikidata": "Q23656886", "wikipedia": "https://it.wikipedia.org/wiki/Battaglia_di_San_Felice"}, "geometry": {"type": "Point", "coordinates": [11.13683, 44.83646]}}, {"type": "Feature", "properties": {"name": "battaglia di Parabiago", "year": 1339, "period": "medievale", "reliability": "media", "wikidata": "Q153712", "wikipedia": "https://it.wikipedia.org/wiki/Battaglia_di_Parabiago"}, "geometry": {"type": "Point", "coordinates": [8.85, 45.55]}}, {"type": "Feature", "properties": {"name": "battaglia di Gamenario", "year": 1345, "period": "medievale", "reliability": "media", "wikidata": "Q3636441", "part_of": ["guelfi e ghibellini"], "wikipedia": "https://it.wikipedia.org/wiki/Battaglia_di_Gamenario"}, "geometry": {"type": "Point", "coordinates": [7.77531, 44.95309]}}, {"type": "Feature", "properties": {"name": "battaglia di Aidu de Turdu", "year": 1347, "period": "medievale", "reliability": "media", "wikidata": "Q3636315", "part_of": ["conquista aragonese della Sardegna"], "wikipedia": "https://it.wikipedia.org/wiki/Battaglia_di_Aidu_de_Turdu"}, "geometry": {"type": "Point", "coordinates": [9.0, 40.3833]}}, {"type": "Feature", "properties": {"name": "Battle of Capua", "year": 1348, "period": "medievale", "reliability": "media", "wikidata": "Q4870650", "part_of": ["Campagne napoletane di Luigi il Grande d'Ungheria"], "wikipedia": "https://en.wikipedia.org/wiki/Battle_of_Capua_(1348)"}, "geometry": {"type": "Point", "coordinates": [14.20833, 41.10611]}}, {"type": "Feature", "properties": {"name": "Battle of d’Asinara", "year": 1353, "period": "medievale", "reliability": "media", "wikidata": "Q66821514"}, "geometry": {"type": "Point", "coordinates": [8.52744, 41.04961]}}, {"type": "Feature", "properties": {"name": "battaglia di Quartu", "year": 1354, "period": "medievale", "reliability": "media", "wikidata": "Q19605437", "part_of": ["Guerre Veneziano-Genovesi", "Sardinian uprising"], "wikipedia": "https://it.wikipedia.org/wiki/Battaglia_di_Quartu"}, "geometry": {"type": "Point", "coordinates": [9.18311, 39.23306]}}, {"type": "Feature", "properties": {"name": "scacco di Ognina", "year": 1356, "period": "medievale", "reliability": "media", "wikidata": "Q3951347", "wikipedia": "https://it.wikipedia.org/wiki/Scacco_di_Ognina"}, "geometry": {"type": "Point", "coordinates": [15.15, 37.55]}}, {"type": "Feature", "properties": {"name": "Battaglia di Canturino", "year": 1363, "period": "medievale", "reliability": "media", "wikidata": "Q2888239", "wikipedia": "https://it.wikipedia.org/wiki/Battaglia_di_Canturino"}, "geometry": {"type": "Point", "coordinates": [12.84407, 43.5133]}}, {"type": "Feature", "properties": {"name": "Battaglia di Solara", "year": 1363, "period": "medievale", "reliability": "media", "wikidata": "Q85859814", "part_of": ["guelfi e ghibellini"], "wikipedia": "https://it.wikipedia.org/wiki/Battaglia_di_Solara"}, "geometry": {"type": "Point", "coordinates": [11.0956, 44.7736]}}, {"type": "Feature", "properties": {"name": "battaglia di Marino", "year": 1379, "period": "medievale", "reliability": "media", "wikidata": "Q2889262", "part_of": ["Scisma d'Occidente"], "wikipedia": "https://it.wikipedia.org/wiki/Battaglia_di_Marino"}, "geometry": {"type": "Point", "coordinates": [12.66667, 41.76667]}}, {"type": "Feature", "properties": {"name": "battaglia di Alessandria", "year": 1391, "period": "medievale", "reliability": "media", "wikidata": "Q11908704", "part_of": ["guelfi e ghibellini"], "wikipedia": "https://it.wikipedia.org/wiki/Battaglia_di_Alessandria_(1391)"}, "geometry": {"type": "Point", "coordinates": [8.61667, 44.91667]}}, {"type": "Feature", "properties": {"name": "Battle of Ascoli", "year": 1392, "period": "medievale", "reliability": "media", "wikidata": "Q20875410"}, "geometry": {"type": "Point", "coordinates": [15.55778, 41.21556]}}, {"type": "Feature", "properties": {"name": "battaglia di Portomaggiore", "year": 1395, "period": "medievale", "reliability": "media", "wikidata": "Q2889689", "wikipedia": "https://it.wikipedia.org/wiki/Battaglia_di_Portomaggiore"}, "geometry": {"type": "Point", "coordinates": [11.8, 44.7]}}, {"type": "Feature", "properties": {"name": "battaglia di Governolo", "year": 1397, "period": "medievale", "reliability": "media", "wikidata": "Q3636456", "wikipedia": "https://it.wikipedia.org/wiki/Battaglia_di_Governolo_(1397)"}, "geometry": {"type": "Point", "coordinates": [10.95389, 45.08861]}}, {"type": "Feature", "properties": {"name": "battaglia di Borgoforte", "year": 1397, "period": "medievale", "reliability": "media", "wikidata": "Q20925299", "wikipedia": "https://it.wikipedia.org/wiki/Battaglia_di_Borgoforte"}, "geometry": {"type": "Point", "coordinates": [10.75, 45.05]}}, {"type": "Feature", "properties": {"name": "battaglia di Casalecchio", "year": 1402, "period": "medievale", "reliability": "media", "wikidata": "Q2248041", "part_of": ["Florentine–Milanese Wars"], "wikipedia": "https://it.wikipedia.org/wiki/Battaglia_di_Casalecchio"}, "geometry": {"type": "Point", "coordinates": [11.28333, 44.48333]}}, {"type": "Feature", "properties": {"name": "battaglia di Sanluri", "year": 1409, "period": "medievale", "reliability": "media", "wikidata": "Q1762486", "part_of": ["conquista aragonese della Sardegna"], "wikipedia": "https://it.wikipedia.org/wiki/Battaglia_di_Sanluri"}, "geometry": {"type": "Point", "coordinates": [8.9, 39.5667]}}, {"type": "Feature", "properties": {"name": "Battle of the Navy", "year": 1420, "period": "medievale", "reliability": "media", "wikidata": "Q20876304", "part_of": ["Mediterranean campaign of Alfonso V of Aragon"]}, "geometry": {"type": "Point", "coordinates": [14.25, 40.83333]}}, {"type": "Feature", "properties": {"name": "battaglia di Maclodio", "year": 1427, "period": "medievale", "reliability": "media", "wikidata": "Q671340", "part_of": ["guerre di Lombardia"], "wikipedia": "https://it.wikipedia.org/wiki/Battaglia_di_Maclodio"}, "geometry": {"type": "Point", "coordinates": [10.05, 45.4833]}}, {"type": "Feature", "properties": {"name": "battaglia di Pavia", "year": 1431, "period": "medievale", "reliability": "media", "wikidata": "Q3636565", "part_of": ["guerre di Lombardia"], "wikipedia": "https://it.wikipedia.org/wiki/Battaglia_di_Pavia_(1431)"}, "geometry": {"type": "Point", "coordinates": [8.0, 45.0]}}, {"type": "Feature", "properties": {"name": "battaglia di San Romano", "year": 1432, "period": "medievale", "reliability": "media", "wikidata": "Q2889924", "part_of": ["guerre di Lombardia"], "wikipedia": "https://it.wikipedia.org/wiki/Battaglia_di_San_Romano_(1432)"}, "geometry": {"type": "Point", "coordinates": [10.75814, 43.68898]}}, {"type": "Feature", "properties": {"name": "battaglia di Delebio", "year": 1432, "period": "medievale", "reliability": "media", "wikidata": "Q2250674", "part_of": ["guerre di Lombardia"], "wikipedia": "https://it.wikipedia.org/wiki/Battaglia_di_Delebio"}, "geometry": {"type": "Point", "coordinates": [9.46667, 46.1333]}}, {"type": "Feature", "properties": {"name": "assedio di Gaeta e battaglia di Ponza", "year": 1435, "period": "medievale", "reliability": "media", "wikidata": "Q2274566", "part_of": ["Aragonese conquest of Naples"], "wikipedia": "https://it.wikipedia.org/wiki/Assedio_di_Gaeta_e_battaglia_navale_di_Ponza"}, "geometry": {"type": "Point", "coordinates": [12.9667, 40.9]}}, {"type": "Feature", "properties": {"name": "battaglia di Anghiari", "year": 1440, "period": "medievale", "reliability": "media", "wikidata": "Q1779008", "part_of": ["guerre di Lombardia"], "wikipedia": "https://it.wikipedia.org/wiki/Battaglia_di_Anghiari"}, "geometry": {"type": "Point", "coordinates": [12.0696, 43.54683]}}, {"type": "Feature", "properties": {"name": "Battaglia di Nidastore (1461)", "year": 1461, "period": "medievale", "reliability": "media", "wikidata": "Q109377039", "part_of": ["rinascimento italiano"], "wikipedia": "https://it.wikipedia.org/wiki/Battaglia_di_Nidastore"}, "geometry": {"type": "Point", "coordinates": [12.93629, 43.58284]}}, {"type": "Feature", "properties": {"name": "Battaglia del Cesano (1462)", "year": 1462, "period": "medievale", "reliability": "media", "wikidata": "Q109301504", "part_of": ["rinascimento italiano"], "wikipedia": "https://it.wikipedia.org/wiki/Battaglia_del_Cesano_(1462)"}, "geometry": {"type": "Point", "coordinates": [13.13694, 43.76972]}}, {"type": "Feature", "properties": {"name": "battaglia di Uras", "year": 1470, "period": "medievale", "reliability": "media", "wikidata": "Q21235220", "wikipedia": "https://it.wikipedia.org/wiki/Battaglia_di_Uras"}, "geometry": {"type": "Point", "coordinates": [8.7, 39.7]}}, {"type": "Feature", "properties": {"name": "Battaglia di Poggio Imperiale", "year": 1479, "period": "medievale", "reliability": "media", "wikidata": "Q106767501", "part_of": ["Guerra dei Pazzi"], "wikipedia": "https://it.wikipedia.org/wiki/Battaglia_di_Poggio_Imperiale"}, "geometry": {"type": "Point", "coordinates": [11.155, 43.459]}}, {"type": "Feature", "properties": {"name": "battaglia di Fornovo", "year": 1495, "period": "moderna", "reliability": "media", "wikidata": "Q764793", "part_of": ["guerra d'Italia del 1494-1495"], "wikipedia": "https://it.wikipedia.org/wiki/Battaglia_di_Fornovo"}, "geometry": {"type": "Point", "coordinates": [10.1, 44.68333]}}, {"type": "Feature", "properties": {"name": "Battaglia di Seminara", "year": 1495, "period": "moderna", "reliability": "media", "wikidata": "Q2670926", "part_of": ["guerra d'Italia del 1494-1495"], "wikipedia": "https://it.wikipedia.org/wiki/Battaglia_di_Seminara_(1495)"}, "geometry": {"type": "Point", "coordinates": [15.86667, 38.33333]}}, {"type": "Feature", "properties": {"name": "battaglia di Ruvo", "year": 1503, "period": "moderna", "reliability": "media", "wikidata": "Q2072513", "part_of": ["Second War of Naples"], "wikipedia": "https://it.wikipedia.org/wiki/Battaglia_di_Ruvo"}, "geometry": {"type": "Point", "coordinates": [16.48333, 41.11667]}}, {"type": "Feature", "properties": {"name": "battaglia di Cerignola", "year": 1503, "period": "moderna", "reliability": "media", "wikidata": "Q2264459", "part_of": ["Second War of Naples"], "wikipedia": "https://it.wikipedia.org/wiki/Battaglia_di_Cerignola"}, "geometry": {"type": "Point", "coordinates": [15.9, 41.26667]}}, {"type": "Feature", "properties": {"name": "battaglia del Garigliano", "year": 1504, "period": "moderna", "reliability": "media", "wikidata": "Q1443091", "part_of": ["guerra d'Italia del 1499-1504"], "wikipedia": "https://it.wikipedia.org/wiki/Battaglia_del_Garigliano_(1503)"}, "geometry": {"type": "Point", "coordinates": [13.5667, 41.2167]}}, {"type": "Feature", "properties": {"name": "battaglia di Agnadello", "year": 1509, "period": "moderna", "reliability": "media", "wikidata": "Q1754732", "part_of": ["guerra della Lega di Cambrai"], "wikipedia": "https://it.wikipedia.org/wiki/Battaglia_di_Agnadello"}, "geometry": {"type": "Point", "coordinates": [9.56667, 45.45]}}, {"type": "Feature", "properties": {"name": "battaglia di Casaloldo", "year": 1509, "period": "moderna", "reliability": "media", "wikidata": "Q3636372", "part_of": ["guerra della Lega di Cambrai"], "wikipedia": "https://it.wikipedia.org/wiki/Battaglia_di_Casaloldo"}, "geometry": {"type": "Point", "coordinates": [10.46, 45.25]}}, {"type": "Feature", "properties": {"name": "battaglia di Polesella", "year": 1510, "period": "moderna", "reliability": "media", "wikidata": "Q3636579", "part_of": ["guerra della Lega di Cambrai"], "wikipedia": "https://it.wikipedia.org/wiki/Battaglia_di_Polesella_(1509)"}, "geometry": {"type": "Point", "coordinates": [11.79, 44.97]}}, {"type": "Feature", "properties": {"name": "battaglia di Ravenna", "year": 1512, "period": "moderna", "reliability": "media", "wikidata": "Q1137980", "part_of": ["guerra della Lega di Cambrai"], "wikipedia": "https://it.wikipedia.org/wiki/Battaglia_di_Ravenna_(1512)"}, "geometry": {"type": "Point", "coordinates": [12.2, 44.41667]}}, {"type": "Feature", "properties": {"name": "battaglia di Novara", "year": 1513, "period": "moderna", "reliability": "media", "wikidata": "Q661940", "part_of": ["guerra della Lega di Cambrai"], "wikipedia": "https://it.wikipedia.org/wiki/Battaglia_di_Novara_(1513)"}, "geometry": {"type": "Point", "coordinates": [8.72, 45.435]}}, {"type": "Feature", "properties": {"name": "battaglia de La Motta", "year": 1513, "period": "moderna", "reliability": "media", "wikidata": "Q1464620", "part_of": ["guerra della Lega di Cambrai"], "wikipedia": "https://it.wikipedia.org/wiki/Battaglia_de_La_Motta"}, "geometry": {"type": "Point", "coordinates": [11.48861, 45.59667]}}, {"type": "Feature", "properties": {"name": "battaglia di Marignano", "year": 1515, "period": "moderna", "reliability": "media", "wikidata": "Q330", "part_of": ["guerra della Lega di Cambrai"], "wikipedia": "https://it.wikipedia.org/wiki/Battaglia_di_Marignano"}, "geometry": {"type": "Point", "coordinates": [9.31667, 45.36667]}}, {"type": "Feature", "properties": {"name": "battaglia della Bicocca", "year": 1522, "period": "moderna", "reliability": "media", "wikidata": "Q683341", "part_of": ["guerra d'Italia del 1521-1526"], "wikipedia": "https://it.wikipedia.org/wiki/Battaglia_della_Bicocca"}, "geometry": {"type": "Point", "coordinates": [9.21, 45.518]}}, {"type": "Feature", "properties": {"name": "battaglia di Pavia", "year": 1525, "period": "moderna", "reliability": "media", "wikidata": "Q63468", "part_of": ["Italian campaign of 1524–1525"], "wikipedia": "https://it.wikipedia.org/wiki/Battaglia_di_Pavia_(1525)"}, "geometry": {"type": "Point", "coordinates": [9.165, 45.1975]}}, {"type": "Feature", "properties": {"name": "battaglia di Landriano", "year": 1529, "period": "moderna", "reliability": "media", "wikidata": "Q2746040", "part_of": ["guerra della Lega di Cognac", "guerre d'Italia del XVI secolo"], "wikipedia": "https://it.wikipedia.org/wiki/Battaglia_di_Landriano"}, "geometry": {"type": "Point", "coordinates": [9.26667, 45.3167]}}, {"type": "Feature", "properties": {"name": "battaglia di Gavinana", "year": 1530, "period": "moderna", "reliability": "media", "wikidata": "Q633362", "part_of": ["assedio di Firenze", "guerra della Lega di Cognac"], "wikipedia": "https://it.wikipedia.org/wiki/Battaglia_di_Gavinana"}, "geometry": {"type": "Point", "coordinates": [10.91667, 43.93333]}}, {"type": "Feature", "properties": {"name": "battaglia di Ceresole", "year": 1544, "period": "moderna", "reliability": "media", "wikidata": "Q2237484", "part_of": ["guerra d'Italia del 1542-1546"], "wikipedia": "https://it.wikipedia.org/wiki/Battaglia_di_Ceresole"}, "geometry": {"type": "Point", "coordinates": [7.845, 44.805]}}, {"type": "Feature", "properties": {"name": "Action of 26 June 1625", "year": 1625, "period": "moderna", "reliability": "media", "wikidata": "Q4677321", "wikipedia": "https://en.wikipedia.org/wiki/Action_of_26_June_1625"}, "geometry": {"type": "Point", "coordinates": [15.329, 37.074]}}, {"type": "Feature", "properties": {"name": "Guerra Savoia-Genova del 1625", "year": 1625, "period": "moderna", "reliability": "media", "wikidata": "Q7311095", "part_of": ["guerra dei trent'anni"], "wikipedia": "https://it.wikipedia.org/wiki/Guerra_Savoia-Genova_del_1625"}, "geometry": {"type": "Point", "coordinates": [8.93278, 44.41111]}}, {"type": "Feature", "properties": {"name": "Battaglia di Villabona (1630)", "year": 1630, "period": "moderna", "reliability": "media", "wikidata": "Q102227734", "part_of": ["guerra dei trent'anni", "guerra di successione di Mantova e del Monferrato"], "wikipedia": "https://it.wikipedia.org/wiki/Battaglia_di_Villabona_(1630)"}, "geometry": {"type": "Point", "coordinates": [10.70722, 45.25528]}}, {"type": "Feature", "properties": {"name": "battaglia di Tornavento", "year": 1636, "period": "moderna", "reliability": "media", "wikidata": "Q4245345", "part_of": ["guerra dei trent'anni"], "wikipedia": "https://it.wikipedia.org/wiki/Battaglia_di_Tornavento"}, "geometry": {"type": "Point", "coordinates": [8.63333, 45.6]}}, {"type": "Feature", "properties": {"name": "Siege of Turin", "year": 1640, "period": "moderna", "reliability": "media", "wikidata": "Q644342", "part_of": ["guerra dei trent'anni"], "wikipedia": "https://en.wikipedia.org/wiki/Siege_of_Turin_(1640)"}, "geometry": {"type": "Point", "coordinates": [7.7, 45.06667]}}, {"type": "Feature", "properties": {"name": "battaglia di Orbetello", "year": 1646, "period": "moderna", "reliability": "media", "wikidata": "Q2888024", "part_of": ["Guerra franco-spagnola"], "wikipedia": "https://it.wikipedia.org/wiki/Assedio_di_Orbetello"}, "geometry": {"type": "Point", "coordinates": [11.21667, 42.43333]}}, {"type": "Feature", "properties": {"name": "Battaglia di Stromboli", "year": 1675, "period": "moderna", "reliability": "media", "wikidata": "Q15154118", "part_of": ["guerra d'Olanda"], "wikipedia": "https://it.wikipedia.org/wiki/Battaglia_di_Stromboli"}, "geometry": {"type": "Point", "coordinates": [15.213, 38.789]}}, {"type": "Feature", "properties": {"name": "battaglia di Palermo", "year": 1676, "period": "moderna", "reliability": "media", "wikidata": "Q717322", "part_of": ["guerra d'Olanda"], "wikipedia": "https://it.wikipedia.org/wiki/Battaglia_di_Palermo_(1676)"}, "geometry": {"type": "Point", "coordinates": [13.385, 38.125]}}, {"type": "Feature", "properties": {"name": "battaglia d'Agosta", "year": 1676, "period": "moderna", "reliability": "media", "wikidata": "Q939845", "part_of": ["guerra d'Olanda"], "wikipedia": "https://it.wikipedia.org/wiki/Battaglia_d%27Agosta"}, "geometry": {"type": "Point", "coordinates": [15.35, 37.25]}}, {"type": "Feature", "properties": {"name": "battaglia di Stromboli", "year": 1676, "period": "moderna", "reliability": "media", "wikidata": "Q1814863", "part_of": ["guerra d'Olanda"], "wikipedia": "https://it.wikipedia.org/wiki/Battaglia_di_Alicudi"}, "geometry": {"type": "Point", "coordinates": [14.42389, 38.5375]}}, {"type": "Feature", "properties": {"name": "battaglia della Marsaglia", "year": 1693, "period": "moderna", "reliability": "media", "wikidata": "Q1862475", "part_of": ["guerra della Grande Alleanza"], "wikipedia": "https://it.wikipedia.org/wiki/Battaglia_della_Marsaglia"}, "geometry": {"type": "Point", "coordinates": [7.96667, 44.45]}}, {"type": "Feature", "properties": {"name": "battaglia di Chiari", "year": 1701, "period": "moderna", "reliability": "media", "wikidata": "Q636007", "part_of": ["guerra di successione spagnola"], "wikipedia": "https://it.wikipedia.org/wiki/Battaglia_di_Chiari"}, "geometry": {"type": "Point", "coordinates": [9.93333, 45.53333]}}, {"type": "Feature", "properties": {"name": "battaglia di Carpi", "year": 1701, "period": "moderna", "reliability": "media", "wikidata": "Q552296", "part_of": ["guerra di successione spagnola"], "wikipedia": "https://it.wikipedia.org/wiki/Battaglia_di_Carpi"}, "geometry": {"type": "Point", "coordinates": [11.39486, 45.13719]}}, {"type": "Feature", "properties": {"name": "battaglia di Cremona", "year": 1702, "period": "moderna", "reliability": "media", "wikidata": "Q688978", "part_of": ["guerra di successione spagnola"], "wikipedia": "https://it.wikipedia.org/wiki/Battaglia_di_Cremona"}, "geometry": {"type": "Point", "coordinates": [10.0333, 45.1333]}}, {"type": "Feature", "properties": {"name": "battaglia di Luzzara", "year": 1702, "period": "moderna", "reliability": "media", "wikidata": "Q700316", "part_of": ["guerra di successione spagnola"], "wikipedia": "https://it.wikipedia.org/wiki/Battaglia_di_Luzzara"}, "geometry": {"type": "Point", "coordinates": [10.7, 44.96667]}}, {"type": "Feature", "properties": {"name": "Battaglia di Cassano d'Adda", "year": 1705, "period": "moderna", "reliability": "media", "wikidata": "Q552574", "part_of": ["guerra di successione spagnola"], "wikipedia": "https://it.wikipedia.org/wiki/Battaglia_di_Cassano_d%27Adda_(1705)"}, "geometry": {"type": "Point", "coordinates": [9.51667, 45.5333]}}, {"type": "Feature", "properties": {"name": "assedio di Torino", "year": 1706, "period": "moderna", "reliability": "media", "wikidata": "Q693282", "part_of": ["guerra di successione spagnola"], "wikipedia": "https://it.wikipedia.org/wiki/Assedio_di_Torino"}, "geometry": {"type": "Point", "coordinates": [7.67417, 45.07111]}}, {"type": "Feature", "properties": {"name": "battaglia di Calcinato", "year": 1706, "period": "moderna", "reliability": "media", "wikidata": "Q698166", "part_of": ["guerra di successione spagnola"], "wikipedia": "https://it.wikipedia.org/wiki/Battaglia_di_Calcinato"}, "geometry": {"type": "Point", "coordinates": [10.4167, 45.45]}}, {"type": "Feature", "properties": {"name": "battaglia di Siracusa", "year": 1710, "period": "moderna", "reliability": "media", "wikidata": "Q2080397", "part_of": ["guerra di successione spagnola"], "wikipedia": "https://it.wikipedia.org/wiki/Battaglia_di_Siracusa_(1710)"}, "geometry": {"type": "Point", "coordinates": [15.28429, 37.06623]}}, {"type": "Feature", "properties": {"name": "battaglia di Bitonto", "year": 1734, "period": "moderna", "reliability": "media", "wikidata": "Q574881", "part_of": ["conquista borbonica delle Due Sicilie"], "wikipedia": "https://it.wikipedia.org/wiki/Battaglia_di_Bitonto"}, "geometry": {"type": "Point", "coordinates": [16.68333, 41.11667]}}, {"type": "Feature", "properties": {"name": "battaglia di Guastalla", "year": 1734, "period": "moderna", "reliability": "media", "wikidata": "Q1760280", "part_of": ["guerra di successione polacca"], "wikipedia": "https://it.wikipedia.org/wiki/Battaglia_di_Guastalla"}, "geometry": {"type": "Point", "coordinates": [10.66667, 44.91667]}}, {"type": "Feature", "properties": {"name": "battaglia di San Pietro", "year": 1734, "period": "moderna", "reliability": "media", "wikidata": "Q2312517", "part_of": ["guerra di successione polacca"], "wikipedia": "https://it.wikipedia.org/wiki/Battaglia_di_San_Pietro"}, "geometry": {"type": "Point", "coordinates": [10.3, 44.8]}}, {"type": "Feature", "properties": {"name": "battaglia di Colorno", "year": 1734, "period": "moderna", "reliability": "media", "wikidata": "Q20008160", "part_of": ["guerra di successione polacca"], "wikipedia": "https://it.wikipedia.org/wiki/Battaglie_di_Colorno"}, "geometry": {"type": "Point", "coordinates": [10.38333, 44.93333]}}, {"type": "Feature", "properties": {"name": "Battaglia di Quistello", "year": 1739, "period": "moderna", "reliability": "media", "wikidata": "Q60558315", "part_of": ["guerra di successione polacca"], "wikipedia": "https://it.wikipedia.org/wiki/Battaglia_di_Quistello"}, "geometry": {"type": "Point", "coordinates": [10.97742, 45.00838]}}, {"type": "Feature", "properties": {"name": "battaglia di Camposanto", "year": 1743, "period": "moderna", "reliability": "media", "wikidata": "Q2522057", "part_of": ["guerra di successione austriaca"], "wikipedia": "https://it.wikipedia.org/wiki/Battaglia_di_Camposanto"}, "geometry": {"type": "Point", "coordinates": [11.14567, 44.79461]}}, {"type": "Feature", "properties": {"name": "battaglia di Velletri", "year": 1744, "period": "moderna", "reliability": "media", "wikidata": "Q2280582", "part_of": ["guerra di successione austriaca"], "wikipedia": "https://it.wikipedia.org/wiki/Battaglia_di_Velletri_(1744)"}, "geometry": {"type": "Point", "coordinates": [12.68333, 41.7]}}, {"type": "Feature", "properties": {"name": "battaglia di Piacenza", "year": 1746, "period": "moderna", "reliability": "media", "wikidata": "Q571675", "part_of": ["guerra di successione austriaca"], "wikipedia": "https://it.wikipedia.org/wiki/Battaglia_di_Piacenza_(1746)"}, "geometry": {"type": "Point", "coordinates": [9.693, 45.063]}}, {"type": "Feature", "properties": {"name": "battaglia di Rottofreddo", "year": 1746, "period": "moderna", "reliability": "media", "wikidata": "Q3636601", "wikipedia": "https://it.wikipedia.org/wiki/Battaglia_di_Rottofreddo"}, "geometry": {"type": "Point", "coordinates": [9.55, 45.05]}}, {"type": "Feature", "properties": {"name": "battaglia dell'Assietta", "year": 1747, "period": "moderna", "reliability": "media", "wikidata": "Q693265", "part_of": ["guerra di successione austriaca"], "wikipedia": "https://it.wikipedia.org/wiki/Battaglia_dell%27Assietta"}, "geometry": {"type": "Point", "coordinates": [6.95035, 45.06507]}}, {"type": "Feature", "properties": {"name": "prima battaglia di Dego", "year": 1794, "period": "ottocento", "reliability": "media", "wikidata": "Q266689", "part_of": ["guerre rivoluzionarie francesi"], "wikipedia": "https://it.wikipedia.org/wiki/Prima_battaglia_di_Dego"}, "geometry": {"type": "Point", "coordinates": [8.31667, 44.45]}}, {"type": "Feature", "properties": {"name": "battaglia di Loano", "year": 1795, "period": "ottocento", "reliability": "media", "wikidata": "Q387215", "part_of": ["Prima coalizione"], "wikipedia": "https://it.wikipedia.org/wiki/Battaglia_di_Loano"}, "geometry": {"type": "Point", "coordinates": [8.25, 44.1167]}}, {"type": "Feature", "properties": {"name": "battaglia di Capo Noli", "year": 1795, "period": "ottocento", "reliability": "media", "wikidata": "Q338792", "part_of": ["guerre rivoluzionarie francesi"], "wikipedia": "https://it.wikipedia.org/wiki/Battaglia_di_Capo_Noli"}, "geometry": {"type": "Point", "coordinates": [8.93333, 44.4067]}}, {"type": "Feature", "properties": {"name": "Battle of Monte Settepani", "year": 1795, "period": "ottocento", "reliability": "media", "wikidata": "Q124314390", "part_of": ["Italian campaigns of the French Revolutionary Wars"], "wikipedia": "https://en.wikipedia.org/wiki/Battle_of_Monte_Settepani"}, "geometry": {"type": "Point", "coordinates": [8.1975, 44.245]}}, {"type": "Feature", "properties": {"name": "battaglia di Castiglione", "year": 1796, "period": "ottocento", "reliability": "media", "wikidata": "Q610328", "part_of": ["guerre rivoluzionarie francesi"], "wikipedia": "https://it.wikipedia.org/wiki/Battaglia_di_Castiglione_(1796)"}, "geometry": {"type": "Point", "coordinates": [10.4833, 45.3833]}}, {"type": "Feature", "properties": {"name": "battaglia di Millesimo", "year": 1796, "period": "ottocento", "reliability": "media", "wikidata": "Q428035", "part_of": ["Prima coalizione"], "wikipedia": "https://it.wikipedia.org/wiki/Battaglia_di_Millesimo"}, "geometry": {"type": "Point", "coordinates": [8.2, 44.3667]}}, {"type": "Feature", "properties": {"name": "battaglia del ponte di Arcole", "year": 1796, "period": "ottocento", "reliability": "media", "wikidata": "Q776609", "part_of": ["rivoluzione francese"], "wikipedia": "https://it.wikipedia.org/wiki/Battaglia_del_ponte_di_Arcole"}, "geometry": {"type": "Point", "coordinates": [11.2775, 45.35722]}}, {"type": "Feature", "properties": {"name": "battaglia di Bassano", "year": 1796, "period": "ottocento", "reliability": "media", "wikidata": "Q791234", "part_of": ["Prima coalizione"], "wikipedia": "https://it.wikipedia.org/wiki/Battaglia_di_Bassano"}, "geometry": {"type": "Point", "coordinates": [11.73694, 45.76722]}}, {"type": "Feature", "properties": {"name": "battaglia di Lodi", "year": 1796, "period": "ottocento", "reliability": "media", "wikidata": "Q900945", "part_of": ["guerre napoleoniche"], "wikipedia": "https://it.wikipedia.org/wiki/Battaglia_di_Lodi"}, "geometry": {"type": "Point", "coordinates": [9.50889, 45.31917]}}, {"type": "Feature", "properties": {"name": "battaglia di Rovereto", "year": 1796, "period": "ottocento", "reliability": "media", "wikidata": "Q902524", "part_of": ["guerre rivoluzionarie francesi"], "wikipedia": "https://it.wikipedia.org/wiki/Battaglia_di_Rovereto"}, "geometry": {"type": "Point", "coordinates": [11.05, 45.8833]}}, {"type": "Feature", "properties": {"name": "seconda battaglia di Dego", "year": 1796, "period": "ottocento", "reliability": "media", "wikidata": "Q949590", "part_of": ["Prima coalizione"], "wikipedia": "https://it.wikipedia.org/wiki/Seconda_battaglia_di_Dego"}, "geometry": {"type": "Point", "coordinates": [8.31667, 44.45]}}, {"type": "Feature", "properties": {"name": "battaglia di Montenotte", "year": 1796, "period": "ottocento", "reliability": "media", "wikidata": "Q974166", "part_of": ["Campagna di Montenotte", "campagna d'Italia"], "wikipedia": "https://it.wikipedia.org/wiki/Battaglia_di_Montenotte"}, "geometry": {"type": "Point", "coordinates": [8.26667, 44.4]}}, {"type": "Feature", "properties": {"name": "battaglia di Mondovì", "year": 1796, "period": "ottocento", "reliability": "media", "wikidata": "Q1093286", "part_of": ["guerre rivoluzionarie francesi"], "wikipedia": "https://it.wikipedia.org/wiki/Battaglia_di_Mondov%C3%AC"}, "geometry": {"type": "Point", "coordinates": [7.81667, 44.3833]}}, {"type": "Feature", "properties": {"name": "battaglia di Fombio", "year": 1796, "period": "ottocento", "reliability": "media", "wikidata": "Q2360501", "part_of": ["campagna d'Italia"], "wikipedia": "https://it.wikipedia.org/wiki/Battaglia_di_Fombio"}, "geometry": {"type": "Point", "coordinates": [9.7, 45.15]}}, {"type": "Feature", "properties": {"name": "battaglia di Borghetto", "year": 1796, "period": "ottocento", "reliability": "media", "wikidata": "Q2888175", "part_of": ["guerre rivoluzionarie francesi"], "wikipedia": "https://it.wikipedia.org/wiki/Battaglia_di_Borghetto"}, "geometry": {"type": "Point", "coordinates": [10.7333, 45.35]}}, {"type": "Feature", "properties": {"name": "battaglia di Lonato", "year": 1796, "period": "ottocento", "reliability": "media", "wikidata": "Q2889153", "part_of": ["guerre rivoluzionarie francesi"], "wikipedia": "https://it.wikipedia.org/wiki/Battaglia_di_Lonato"}, "geometry": {"type": "Point", "coordinates": [10.4833, 45.4667]}}, {"type": "Feature", "properties": {"name": "battaglia di Peschiera", "year": 1796, "period": "ottocento", "reliability": "media", "wikidata": "Q2984845", "part_of": ["campagna d'Italia"], "wikipedia": "https://it.wikipedia.org/wiki/Battaglia_di_Peschiera"}, "geometry": {"type": "Point", "coordinates": [10.6833, 45.4333]}}, {"type": "Feature", "properties": {"name": "Battaglia di Caldiero (1796)", "year": 1796, "period": "ottocento", "reliability": "media", "wikidata": "Q3636359", "part_of": ["guerre rivoluzionarie francesi"], "wikipedia": "https://it.wikipedia.org/wiki/Battaglia_di_Caldiero_(1796)"}, "geometry": {"type": "Point", "coordinates": [11.19553, 45.41764]}}, {"type": "Feature", "properties": {"name": "battaglia di Ceva", "year": 1796, "period": "ottocento", "reliability": "media", "wikidata": "Q4870699", "wikipedia": "https://it.wikipedia.org/wiki/Battaglia_di_Ceva"}, "geometry": {"type": "Point", "coordinates": [8.03333, 44.38333]}}, {"type": "Feature", "properties": {"name": "Battaglia di Voltri", "year": 1796, "period": "ottocento", "reliability": "media", "wikidata": "Q4872694", "part_of": ["guerre rivoluzionarie francesi"], "wikipedia": "https://it.wikipedia.org/wiki/Battaglia_di_Voltri"}, "geometry": {"type": "Point", "coordinates": [8.75278, 44.42778]}}, {"type": "Feature", "properties": {"name": "battaglia di Calliano", "year": 1796, "period": "ottocento", "reliability": "media", "wikidata": "Q87648451", "part_of": ["campagna d'Italia", "guerre rivoluzionarie francesi"], "wikipedia": "https://it.wikipedia.org/wiki/Battaglia_di_Calliano_(1796)"}, "geometry": {"type": "Point", "coordinates": [11.08333, 45.93333]}}, {"type": "Feature", "properties": {"name": "battaglia di Rivoli", "year": 1797, "period": "ottocento", "reliability": "media", "wikidata": "Q1069936", "part_of": ["guerre rivoluzionarie francesi"], "wikipedia": "https://it.wikipedia.org/wiki/Battaglia_di_Rivoli"}, "geometry": {"type": "Point", "coordinates": [10.8167, 45.5667]}}, {"type": "Feature", "properties": {"name": "battaglia di Faenza", "year": 1797, "period": "ottocento", "reliability": "media", "wikidata": "Q2888482", "part_of": ["Prima coalizione"], "wikipedia": "https://it.wikipedia.org/wiki/Battaglia_di_Faenza_(1797)"}, "geometry": {"type": "Point", "coordinates": [11.8, 44.31667]}}, {"type": "Feature", "properties": {"name": "Battaglia di Valvasone", "year": 1797, "period": "ottocento", "reliability": "media", "wikidata": "Q2984910", "part_of": ["Prima coalizione", "campagna d'Italia"], "wikipedia": "https://it.wikipedia.org/wiki/Battaglia_di_Valvasone_(1797)"}, "geometry": {"type": "Point", "coordinates": [12.91833, 45.98972]}}, {"type": "Feature", "properties": {"name": "Battaglia di Tarvisio", "year": 1797, "period": "ottocento", "reliability": "media", "wikidata": "Q4872512", "part_of": ["guerre rivoluzionarie francesi"], "wikipedia": "https://it.wikipedia.org/wiki/Battaglia_di_Tarvisio_(1797)"}, "geometry": {"type": "Point", "coordinates": [13.57, 46.5]}}, {"type": "Feature", "properties": {"name": "Battle of Spinges", "year": 1797, "period": "ottocento", "reliability": "media", "wikidata": "Q139831533", "part_of": ["guerre napoleoniche"]}, "geometry": {"type": "Point", "coordinates": [11.651, 46.783]}}, {"type": "Feature", "properties": {"name": "Battaglia di Cassano d'Adda", "year": 1799, "period": "ottocento", "reliability": "media", "wikidata": "Q858913", "part_of": ["Campagna d'Italia", "seconda coalizione"], "wikipedia": "https://it.wikipedia.org/wiki/Battaglia_di_Cassano_d%27Adda_(1799)"}, "geometry": {"type": "Point", "coordinates": [9.51667, 45.5333]}}, {"type": "Feature", "properties": {"name": "battaglia della Trebbia", "year": 1799, "period": "ottocento", "reliability": "media", "wikidata": "Q1088879", "part_of": ["Campagna d'Italia", "seconda coalizione"], "wikipedia": "https://it.wikipedia.org/wiki/Battaglia_della_Trebbia_(1799)"}, "geometry": {"type": "Point", "coordinates": [9.6, 45.05]}}, {"type": "Feature", "properties": {"name": "battaglia di Novi", "year": 1799, "period": "ottocento", "reliability": "media", "wikidata": "Q1194172", "part_of": ["campagna italiana di Suvorov", "seconda coalizione"], "wikipedia": "https://it.wikipedia.org/wiki/Prima_battaglia_di_Novi_(1799)"}, "geometry": {"type": "Point", "coordinates": [8.79278, 44.76111]}}, {"type": "Feature", "properties": {"name": "battaglia di Magnano", "year": 1799, "period": "ottocento", "reliability": "media", "wikidata": "Q2889186", "part_of": ["seconda coalizione"], "wikipedia": "https://it.wikipedia.org/wiki/Battaglia_di_Magnano"}, "geometry": {"type": "Point", "coordinates": [8.08333, 45.4833]}}, {"type": "Feature", "properties": {"name": "battaglia di Bassignana", "year": 1799, "period": "ottocento", "reliability": "media", "wikidata": "Q5114097", "wikipedia": "https://it.wikipedia.org/wiki/Battaglia_di_Bassignana_(1799)"}, "geometry": {"type": "Point", "coordinates": [8.73194, 45.0022]}}, {"type": "Feature", "properties": {"name": "battaglia di Modena", "year": 1799, "period": "ottocento", "reliability": "media", "wikidata": "Q16895265", "part_of": ["seconda coalizione"], "wikipedia": "https://it.wikipedia.org/wiki/Battaglia_di_Modena_(1799)"}, "geometry": {"type": "Point", "coordinates": [10.9333, 44.65]}}, {"type": "Feature", "properties": {"name": "Battaglia di Genola", "year": 1799, "period": "ottocento", "reliability": "media", "wikidata": "Q17984539", "part_of": ["seconda coalizione"], "wikipedia": "https://it.wikipedia.org/wiki/Battaglia_di_Genola"}, "geometry": {"type": "Point", "coordinates": [7.66667, 44.5833]}}, {"type": "Feature", "properties": {"name": "Prima battaglia di Marengo (1799)", "year": 1799, "period": "ottocento", "reliability": "media", "wikidata": "Q55611682", "wikipedia": "https://it.wikipedia.org/wiki/Prima_battaglia_di_Marengo_(1799)"}, "geometry": {"type": "Point", "coordinates": [8.68333, 44.88333]}}, {"type": "Feature", "properties": {"name": "Seconda battaglia di Marengo (1799)", "year": 1799, "period": "ottocento", "reliability": "media", "wikidata": "Q55648615", "wikipedia": "https://it.wikipedia.org/wiki/Seconda_battaglia_di_Marengo_(1799)"}, "geometry": {"type": "Point", "coordinates": [8.68333, 44.88333]}}, {"type": "Feature", "properties": {"name": "battaglia di Marengo", "year": 1800, "period": "ottocento", "reliability": "media", "wikidata": "Q273011", "part_of": ["guerre napoleoniche"], "wikipedia": "https://it.wikipedia.org/wiki/Battaglia_di_Marengo"}, "geometry": {"type": "Point", "coordinates": [8.68333, 44.88333]}}, {"type": "Feature", "properties": {"name": "Battaglia di Pozzolo (1800)", "year": 1800, "period": "ottocento", "reliability": "media", "wikidata": "Q745096", "part_of": ["seconda coalizione"], "wikipedia": "https://it.wikipedia.org/wiki/Battaglia_di_Pozzolo_(1800)"}, "geometry": {"type": "Point", "coordinates": [10.7, 45.3833]}}, {"type": "Feature", "properties": {"name": "battaglia di Montebello", "year": 1800, "period": "ottocento", "reliability": "media", "wikidata": "Q901518", "part_of": ["seconda coalizione"], "wikipedia": "https://it.wikipedia.org/wiki/Battaglia_di_Montebello_(1800)"}, "geometry": {"type": "Point", "coordinates": [9.1, 45.0]}}, {"type": "Feature", "properties": {"name": "battaglia di Caldiero", "year": 1805, "period": "ottocento", "reliability": "media", "wikidata": "Q857434", "part_of": ["guerre napoleoniche", "terza coalizione"], "wikipedia": "https://it.wikipedia.org/wiki/Battaglia_di_Caldiero_(1805)"}, "geometry": {"type": "Point", "coordinates": [11.19056, 45.42389]}}, {"type": "Feature", "properties": {"name": "battaglia di Verona", "year": 1805, "period": "ottocento", "reliability": "media", "wikidata": "Q2890355", "part_of": ["terza coalizione"], "wikipedia": "https://it.wikipedia.org/wiki/Battaglia_di_Verona_(1805)"}, "geometry": {"type": "Point", "coordinates": [10.9833, 45.4333]}}, {"type": "Feature", "properties": {"name": "battaglia di Maida", "year": 1806, "period": "ottocento", "reliability": "media", "wikidata": "Q588075", "part_of": ["terza coalizione"], "wikipedia": "https://it.wikipedia.org/wiki/Battaglia_di_Maida"}, "geometry": {"type": "Point", "coordinates": [16.3667, 38.85]}}, {"type": "Feature", "properties": {"name": "battaglia di Campotenese", "year": 1806, "period": "ottocento", "reliability": "media", "wikidata": "Q857860", "part_of": ["terza coalizione"], "wikipedia": "https://it.wikipedia.org/wiki/Battaglia_di_Campotenese"}, "geometry": {"type": "Point", "coordinates": [16.06667, 39.875]}}, {"type": "Feature", "properties": {"name": "battaglia di Sacile", "year": 1809, "period": "ottocento", "reliability": "media", "wikidata": "Q508387", "part_of": ["Quinta coalizione"], "wikipedia": "https://it.wikipedia.org/wiki/Battaglia_di_Sacile"}, "geometry": {"type": "Point", "coordinates": [12.5, 45.96667]}}, {"type": "Feature", "properties": {"name": "battaglia del Piave", "year": 1809, "period": "ottocento", "reliability": "media", "wikidata": "Q1059938", "part_of": ["Quinta coalizione"], "wikipedia": "https://it.wikipedia.org/wiki/Battaglia_del_Piave"}, "geometry": {"type": "Point", "coordinates": [12.217, 45.83]}}, {"type": "Feature", "properties": {"name": "Battle of Meran", "year": 1809, "period": "ottocento", "reliability": "media", "wikidata": "Q2889316", "part_of": ["Insorgenza tirolese"]}, "geometry": {"type": "Point", "coordinates": [11.16667, 46.66667]}}, {"type": "Feature", "properties": {"name": "Battle of Pustertal", "year": 1809, "period": "ottocento", "reliability": "media", "wikidata": "Q2889704", "part_of": ["Insorgenza tirolese"]}, "geometry": {"type": "Point", "coordinates": [12.21667, 46.73333]}}, {"type": "Feature", "properties": {"name": "Battle of Sankt Leonhard in Passeier", "year": 1809, "period": "ottocento", "reliability": "media", "wikidata": "Q2889918", "part_of": ["Insorgenza tirolese"]}, "geometry": {"type": "Point", "coordinates": [11.25, 46.81667]}}, {"type": "Feature", "properties": {"name": "Battle of Sterzing", "year": 1809, "period": "ottocento", "reliability": "media", "wikidata": "Q2890051", "part_of": ["Insorgenza tirolese"]}, "geometry": {"type": "Point", "coordinates": [11.43333, 46.88333]}}, {"type": "Feature", "properties": {"name": "Battle of Volano", "year": 1809, "period": "ottocento", "reliability": "media", "wikidata": "Q2890349"}, "geometry": {"type": "Point", "coordinates": [11.06667, 45.91667]}}, {"type": "Feature", "properties": {"name": "Battle of Franzensfeste", "year": 1809, "period": "ottocento", "reliability": "media", "wikidata": "Q2888565", "part_of": ["Insorgenza tirolese"]}, "geometry": {"type": "Point", "coordinates": [11.61667, 46.78333]}}, {"type": "Feature", "properties": {"name": "Battaglia di Caldiero (1809)", "year": 1809, "period": "ottocento", "reliability": "media", "wikidata": "Q4870611", "part_of": ["Quinta coalizione"], "wikipedia": "https://it.wikipedia.org/wiki/Battaglia_di_Caldiero_(1809)"}, "geometry": {"type": "Point", "coordinates": [11.18333, 45.41667]}}, {"type": "Feature", "properties": {"name": "Battaglia di Caldiero (1813)", "year": 1813, "period": "ottocento", "reliability": "media", "wikidata": "Q4870610", "part_of": ["Sesta coalizione"], "wikipedia": "https://it.wikipedia.org/wiki/Battaglia_di_Caldiero_(1813)"}, "geometry": {"type": "Point", "coordinates": [11.19056, 45.42389]}}, {"type": "Feature", "properties": {"name": "battaglia di San Germano", "year": 1815, "period": "ottocento", "reliability": "media", "wikidata": "Q666434", "part_of": ["Guerra austro-napoletana"], "wikipedia": "https://it.wikipedia.org/wiki/Battaglia_di_San_Germano"}, "geometry": {"type": "Point", "coordinates": [13.83333, 41.5]}}, {"type": "Feature", "properties": {"name": "Battaglia di Pesaro", "year": 1815, "period": "ottocento", "reliability": "media", "wikidata": "Q2889600", "part_of": ["Guerra austro-napoletana"], "wikipedia": "https://it.wikipedia.org/wiki/Battaglia_di_Pesaro"}, "geometry": {"type": "Point", "coordinates": [12.90977, 43.91159]}}, {"type": "Feature", "properties": {"name": "Battaglia di Ronco", "year": 1815, "period": "ottocento", "reliability": "media", "wikidata": "Q2889812", "part_of": ["Guerra austro-napoletana"], "wikipedia": "https://it.wikipedia.org/wiki/Battaglia_di_Ronco"}, "geometry": {"type": "Point", "coordinates": [12.08672, 44.20349]}}, {"type": "Feature", "properties": {"name": "battaglia di Tolentino", "year": 1815, "period": "ottocento", "reliability": "media", "wikidata": "Q1359641", "part_of": ["Guerra austro-napoletana"], "wikipedia": "https://it.wikipedia.org/wiki/Battaglia_di_Tolentino"}, "geometry": {"type": "Point", "coordinates": [13.29111, 43.21361]}}, {"type": "Feature", "properties": {"name": "battaglia del Panaro", "year": 1815, "period": "ottocento", "reliability": "media", "wikidata": "Q1404199", "part_of": ["Guerra austro-napoletana"], "wikipedia": "https://it.wikipedia.org/wiki/Battaglia_del_Panaro"}, "geometry": {"type": "Point", "coordinates": [10.99731, 44.62297]}}, {"type": "Feature", "properties": {"name": "battaglia di Occhiobello", "year": 1815, "period": "ottocento", "reliability": "media", "wikidata": "Q1404251", "part_of": ["Guerra austro-napoletana"], "wikipedia": "https://it.wikipedia.org/wiki/Battaglia_di_Occhiobello"}, "geometry": {"type": "Point", "coordinates": [11.57959, 44.91522]}}, {"type": "Feature", "properties": {"name": "battaglia di Scapezzano", "year": 1815, "period": "ottocento", "reliability": "media", "wikidata": "Q1634602", "part_of": ["Guerra austro-napoletana"], "wikipedia": "https://it.wikipedia.org/wiki/Battaglia_di_Scapezzano"}, "geometry": {"type": "Point", "coordinates": [13.17001, 43.7204]}}, {"type": "Feature", "properties": {"name": "battaglia di Casaglia", "year": 1815, "period": "ottocento", "reliability": "media", "wikidata": "Q1647177", "part_of": ["Guerra austro-napoletana"], "wikipedia": "https://it.wikipedia.org/wiki/Battaglia_di_Casaglia"}, "geometry": {"type": "Point", "coordinates": [11.54036, 44.90158]}}, {"type": "Feature", "properties": {"name": "Battaglia di Carpi (1815)", "year": 1815, "period": "ottocento", "reliability": "media", "wikidata": "Q2888250", "part_of": ["Guerra austro-napoletana"], "wikipedia": "https://it.wikipedia.org/wiki/Battaglia_di_Carpi_(1815)"}, "geometry": {"type": "Point", "coordinates": [10.87957, 44.78436]}}, {"type": "Feature", "properties": {"name": "Battaglia di Castel di Sangro", "year": 1815, "period": "ottocento", "reliability": "media", "wikidata": "Q2888256", "part_of": ["Guerra austro-napoletana"], "wikipedia": "https://it.wikipedia.org/wiki/Battaglia_di_Castel_di_Sangro"}, "geometry": {"type": "Point", "coordinates": [14.10726, 41.78352]}}, {"type": "Feature", "properties": {"name": "Battaglia di Cesenatico", "year": 1815, "period": "ottocento", "reliability": "media", "wikidata": "Q2888284", "part_of": ["Guerra austro-napoletana"], "wikipedia": "https://it.wikipedia.org/wiki/Battaglia_di_Cesenatico"}, "geometry": {"type": "Point", "coordinates": [12.40156, 44.19901]}}, {"type": "Feature", "properties": {"name": "battaglia di Novara", "year": 1821, "period": "ottocento", "reliability": "media", "wikidata": "Q2889545", "part_of": ["moti del 1820-1821"], "wikipedia": "https://it.wikipedia.org/wiki/Battaglia_di_Novara_(1821)"}, "geometry": {"type": "Point", "coordinates": [8.71611, 45.43139]}}, {"type": "Feature", "properties": {"name": "battaglia di Rieti-Antrodoco", "year": 1821, "period": "ottocento", "reliability": "media", "wikidata": "Q2889786", "part_of": ["moti del 1820-1821"], "wikipedia": "https://it.wikipedia.org/wiki/Battaglia_di_Rieti-Antrodoco"}, "geometry": {"type": "Point", "coordinates": [12.86667, 42.4]}}, {"type": "Feature", "properties": {"name": "battaglia di Custoza", "year": 1848, "period": "ottocento", "reliability": "media", "wikidata": "Q48202", "part_of": ["prima guerra d'indipendenza italiana"], "wikipedia": "https://it.wikipedia.org/wiki/Battaglia_di_Custoza_(1848)"}, "geometry": {"type": "Point", "coordinates": [10.79583, 45.37889]}}, {"type": "Feature", "properties": {"name": "battaglia di Pastrengo", "year": 1848, "period": "ottocento", "reliability": "media", "wikidata": "Q580417", "part_of": ["prima guerra d'indipendenza italiana"], "wikipedia": "https://it.wikipedia.org/wiki/Battaglia_di_Pastrengo"}, "geometry": {"type": "Point", "coordinates": [10.81, 45.48944]}}, {"type": "Feature", "properties": {"name": "battaglia di Goito", "year": 1848, "period": "ottocento", "reliability": "media", "wikidata": "Q938724", "part_of": ["prima guerra d'indipendenza italiana"], "wikipedia": "https://it.wikipedia.org/wiki/Battaglia_di_Goito"}, "geometry": {"type": "Point", "coordinates": [10.67472, 45.24694]}}, {"type": "Feature", "properties": {"name": "battaglia di Santa Lucia", "year": 1848, "period": "ottocento", "reliability": "media", "wikidata": "Q2219615", "part_of": ["prima guerra d'indipendenza italiana"], "wikipedia": "https://it.wikipedia.org/wiki/Battaglia_di_Santa_Lucia"}, "geometry": {"type": "Point", "coordinates": [10.94853, 45.42392]}}, {"type": "Feature", "properties": {"name": "battaglia del ponte di Goito", "year": 1848, "period": "ottocento", "reliability": "media", "wikidata": "Q3636274", "wikipedia": "https://it.wikipedia.org/wiki/Battaglia_del_ponte_di_Goito"}, "geometry": {"type": "Point", "coordinates": [10.67472, 45.24694]}}, {"type": "Feature", "properties": {"name": "battaglia di Novara", "year": 1849, "period": "ottocento", "reliability": "media", "wikidata": "Q837787", "part_of": ["prima guerra d'indipendenza italiana"], "wikipedia": "https://it.wikipedia.org/wiki/Battaglia_di_Novara_(1849)"}, "geometry": {"type": "Point", "coordinates": [8.71611, 45.43139]}}, {"type": "Feature", "properties": {"name": "battaglia di Mortara", "year": 1849, "period": "ottocento", "reliability": "media", "wikidata": "Q17622484", "part_of": ["prima guerra d'indipendenza italiana"], "wikipedia": "https://it.wikipedia.org/wiki/Battaglia_di_Mortara"}, "geometry": {"type": "Point", "coordinates": [8.75, 45.25]}}, {"type": "Feature", "properties": {"name": "battaglia di Solferino e San Martino", "year": 1859, "period": "ottocento", "reliability": "media", "wikidata": "Q324916", "part_of": ["Seconda guerra d'indipendenza italiana"], "wikipedia": "https://it.wikipedia.org/wiki/Battaglia_di_Solferino_e_San_Martino"}, "geometry": {"type": "Point", "coordinates": [10.56639, 45.36722]}}, {"type": "Feature", "properties": {"name": "battaglia di Varese", "year": 1859, "period": "ottocento", "reliability": "media", "wikidata": "Q676761", "part_of": ["Seconda guerra d'indipendenza italiana"], "wikipedia": "https://it.wikipedia.org/wiki/Battaglia_di_Varese"}, "geometry": {"type": "Point", "coordinates": [8.84806, 45.80861]}}, {"type": "Feature", "properties": {"name": "battaglia di Magenta", "year": 1859, "period": "ottocento", "reliability": "media", "wikidata": "Q681430", "part_of": ["Seconda guerra d'indipendenza italiana"], "wikipedia": "https://it.wikipedia.org/wiki/Battaglia_di_Magenta"}, "geometry": {"type": "Point", "coordinates": [8.80194, 45.45611]}}, {"type": "Feature", "properties": {"name": "battaglia di Palestro", "year": 1859, "period": "ottocento", "reliability": "media", "wikidata": "Q689204", "part_of": ["Seconda guerra d'indipendenza italiana"], "wikipedia": "https://it.wikipedia.org/wiki/Battaglia_di_Palestro"}, "geometry": {"type": "Point", "coordinates": [8.54611, 45.31222]}}, {"type": "Feature", "properties": {"name": "battaglia di San Fermo", "year": 1859, "period": "ottocento", "reliability": "media", "wikidata": "Q475957", "part_of": ["Seconda guerra d'indipendenza italiana"], "wikipedia": "https://it.wikipedia.org/wiki/Battaglia_di_San_Fermo"}, "geometry": {"type": "Point", "coordinates": [9.04616, 45.81035]}}, {"type": "Feature", "properties": {"name": "battaglia di Turbigo", "year": 1859, "period": "ottocento", "reliability": "media", "wikidata": "Q698440", "part_of": ["Seconda guerra d'indipendenza italiana"], "wikipedia": "https://it.wikipedia.org/wiki/Battaglia_di_Turbigo"}, "geometry": {"type": "Point", "coordinates": [8.54611, 45.31222]}}, {"type": "Feature", "properties": {"name": "battaglia di Milazzo", "year": 1860, "period": "ottocento", "reliability": "media", "wikidata": "Q531702", "part_of": ["Risorgimento"], "wikipedia": "https://it.wikipedia.org/wiki/Battaglia_di_Milazzo_(1860)"}, "geometry": {"type": "Point", "coordinates": [15.23694, 38.21694]}}, {"type": "Feature", "properties": {"name": "battaglia di Calatafimi", "year": 1860, "period": "ottocento", "reliability": "media", "wikidata": "Q940836", "part_of": ["Risorgimento"], "wikipedia": "https://it.wikipedia.org/wiki/Battaglia_di_Calatafimi"}, "geometry": {"type": "Point", "coordinates": [12.85, 37.9]}}, {"type": "Feature", "properties": {"name": "battaglia di Piazza Duomo", "year": 1860, "period": "ottocento", "reliability": "media", "wikidata": "Q2889760", "part_of": ["Risorgimento"], "wikipedia": "https://it.wikipedia.org/wiki/Battaglia_di_Piazza_Duomo"}, "geometry": {"type": "Point", "coordinates": [15.66194, 38.11139]}}, {"type": "Feature", "properties": {"name": "battaglia di Castelfidardo", "year": 1860, "period": "ottocento", "reliability": "media", "wikidata": "Q1887932", "part_of": ["campagna piemontese in Italia centrale"], "wikipedia": "https://it.wikipedia.org/wiki/Battaglia_di_Castelfidardo"}, "geometry": {"type": "Point", "coordinates": [13.38333, 43.21667]}}, {"type": "Feature", "properties": {"name": "battaglia del Volturno", "year": 1860, "period": "ottocento", "reliability": "media", "wikidata": "Q2165919", "part_of": ["Risorgimento"], "wikipedia": "https://it.wikipedia.org/wiki/Battaglia_del_Volturno"}, "geometry": {"type": "Point", "coordinates": [14.09444, 41.09194]}}, {"type": "Feature", "properties": {"name": "battaglia di Custoza", "year": 1866, "period": "ottocento", "reliability": "media", "wikidata": "Q48163", "part_of": ["terza guerra d'indipendenza italiana"], "wikipedia": "https://it.wikipedia.org/wiki/Battaglia_di_Custoza_(1866)"}, "geometry": {"type": "Point", "coordinates": [10.79583, 45.37889]}}, {"type": "Feature", "properties": {"name": "battaglia di Lissa", "year": 1866, "period": "ottocento", "reliability": "media", "wikidata": "Q158054", "part_of": ["guerra austro-prussiana", "terza guerra d'indipendenza italiana"], "wikipedia": "https://it.wikipedia.org/wiki/Battaglia_di_Lissa"}, "geometry": {"type": "Point", "coordinates": [16.05333, 43.17639]}}, {"type": "Feature", "properties": {"name": "battaglia di Montelibretti", "year": 1867, "period": "ottocento", "reliability": "media", "wikidata": "Q2889366", "part_of": ["Campagna dell'Agro romano per la liberazione di Roma"], "wikipedia": "https://it.wikipedia.org/wiki/Battaglia_di_Montelibretti"}, "geometry": {"type": "Point", "coordinates": [12.73333, 42.13333]}}, {"type": "Feature", "properties": {"name": "seconda battaglia dell'Isonzo", "year": 1915, "period": "wwi", "reliability": "media", "wikidata": "Q233242", "part_of": ["battaglie dell'Isonzo"], "wikipedia": "https://it.wikipedia.org/wiki/Seconda_battaglia_dell%27Isonzo"}, "geometry": {"type": "Point", "coordinates": [13.52806, 45.86333]}}, {"type": "Feature", "properties": {"name": "prima battaglia dell'Isonzo", "year": 1915, "period": "wwi", "reliability": "media", "wikidata": "Q615324", "part_of": ["battaglie dell'Isonzo"], "wikipedia": "https://it.wikipedia.org/wiki/Prima_battaglia_dell%27Isonzo"}, "geometry": {"type": "Point", "coordinates": [13.6025, 45.9425]}}, {"type": "Feature", "properties": {"name": "terza battaglia dell'Isonzo", "year": 1915, "period": "wwi", "reliability": "media", "wikidata": "Q637320", "part_of": ["battaglie dell'Isonzo"], "wikipedia": "https://it.wikipedia.org/wiki/Terza_battaglia_dell%27Isonzo"}, "geometry": {"type": "Point", "coordinates": [13.4003, 45.8567]}}, {"type": "Feature", "properties": {"name": "battaglie dell'Isonzo", "year": 1915, "period": "wwi", "reliability": "media", "wikidata": "Q681517", "year_end": 1917, "part_of": ["Fronte italiano"], "wikipedia": "https://it.wikipedia.org/wiki/Battaglie_dell%27Isonzo"}, "geometry": {"type": "Point", "coordinates": [13.55, 46.05]}}, {"type": "Feature", "properties": {"name": "bombardamento navale di Ancona", "year": 1915, "period": "wwi", "reliability": "media", "wikidata": "Q543048", "part_of": ["prima guerra mondiale"], "wikipedia": "https://it.wikipedia.org/wiki/Bombardamento_della_costa_adriatica_del_24_maggio_1915"}, "geometry": {"type": "Point", "coordinates": [13.5525, 43.68583]}}, {"type": "Feature", "properties": {"name": "quarta battaglia dell'Isonzo", "year": 1915, "period": "wwi", "reliability": "media", "wikidata": "Q702169", "part_of": ["battaglie dell'Isonzo"], "wikipedia": "https://it.wikipedia.org/wiki/Quarta_battaglia_dell%27Isonzo"}, "geometry": {"type": "Point", "coordinates": [13.61111, 45.96917]}}, {"type": "Feature", "properties": {"name": "battaglia di monte Piana", "year": 1915, "period": "wwi", "reliability": "media", "wikidata": "Q3636672", "year_end": 1917, "part_of": ["Fronte italiano"], "wikipedia": "https://it.wikipedia.org/wiki/Battaglia_di_monte_Piana"}, "geometry": {"type": "Point", "coordinates": [12.24439, 46.61714]}}, {"type": "Feature", "properties": {"name": "battaglia degli Altipiani", "year": 1916, "period": "wwi", "reliability": "media", "wikidata": "Q298614", "part_of": ["Fronte italiano", "prima guerra mondiale"], "wikipedia": "https://it.wikipedia.org/wiki/Battaglia_degli_Altipiani"}, "geometry": {"type": "Point", "coordinates": [11.50889, 45.90194]}}, {"type": "Feature", "properties": {"name": "battaglia di Doberdò", "year": 1916, "period": "wwi", "reliability": "media", "wikidata": "Q757186", "part_of": ["Fronte italiano"], "wikipedia": "https://it.wikipedia.org/wiki/Battaglia_di_Doberd%C3%B2"}, "geometry": {"type": "Point", "coordinates": [13.54917, 45.83472]}}, {"type": "Feature", "properties": {"name": "sesta battaglia dell'Isonzo", "year": 1916, "period": "wwi", "reliability": "media", "wikidata": "Q769906", "part_of": ["battaglie dell'Isonzo"], "wikipedia": "https://it.wikipedia.org/wiki/Sesta_battaglia_dell%27Isonzo"}, "geometry": {"type": "Point", "coordinates": [13.616, 45.933]}}, {"type": "Feature", "properties": {"name": "quinta battaglia dell'Isonzo", "year": 1916, "period": "wwi", "reliability": "media", "wikidata": "Q775561", "part_of": ["battaglie dell'Isonzo"], "wikipedia": "https://it.wikipedia.org/wiki/Quinta_battaglia_dell%27Isonzo"}, "geometry": {"type": "Point", "coordinates": [13.63444, 46.07806]}}, {"type": "Feature", "properties": {"name": "settima battaglia dell'Isonzo", "year": 1916, "period": "wwi", "reliability": "media", "wikidata": "Q934807", "part_of": ["battaglie dell'Isonzo"], "wikipedia": "https://it.wikipedia.org/wiki/Settima_battaglia_dell%27Isonzo"}, "geometry": {"type": "Point", "coordinates": [13.616, 45.933]}}, {"type": "Feature", "properties": {"name": "nona battaglia dell'Isonzo", "year": 1916, "period": "wwi", "reliability": "media", "wikidata": "Q955519", "part_of": ["battaglie dell'Isonzo"], "wikipedia": "https://it.wikipedia.org/wiki/Nona_battaglia_dell%27Isonzo"}, "geometry": {"type": "Point", "coordinates": [13.63806, 45.90972]}}, {"type": "Feature", "properties": {"name": "ottava battaglia dell'Isonzo", "year": 1916, "period": "wwi", "reliability": "media", "wikidata": "Q1187309", "part_of": ["battaglie dell'Isonzo"], "wikipedia": "https://it.wikipedia.org/wiki/Ottava_battaglia_dell%27Isonzo"}, "geometry": {"type": "Point", "coordinates": [13.616, 45.933]}}, {"type": "Feature", "properties": {"name": "battaglia di Caporetto", "year": 1917, "period": "wwi", "reliability": "media", "wikidata": "Q242644", "part_of": ["battaglie dell'Isonzo", "prima guerra mondiale"], "wikipedia": "https://it.wikipedia.org/wiki/Battaglia_di_Caporetto"}, "geometry": {"type": "Point", "coordinates": [13.6425, 46.21444]}}, {"type": "Feature", "properties": {"name": "battaglia del monte Ortigara", "year": 1917, "period": "wwi", "reliability": "media", "wikidata": "Q778454", "part_of": ["prima guerra mondiale"], "wikipedia": "https://it.wikipedia.org/wiki/Battaglia_del_monte_Ortigara"}, "geometry": {"type": "Point", "coordinates": [11.52194, 46.01]}}, {"type": "Feature", "properties": {"name": "decima battaglia dell'Isonzo", "year": 1917, "period": "wwi", "reliability": "media", "wikidata": "Q1050440", "part_of": ["battaglie dell'Isonzo"], "wikipedia": "https://it.wikipedia.org/wiki/Decima_battaglia_dell%27Isonzo"}, "geometry": {"type": "Point", "coordinates": [13.6333, 46.0]}}, {"type": "Feature", "properties": {"name": "Undicesima battaglia dell'Isonzo", "year": 1917, "period": "wwi", "reliability": "media", "wikidata": "Q1187701", "part_of": ["battaglie dell'Isonzo", "prima guerra mondiale"], "wikipedia": "https://it.wikipedia.org/wiki/Undicesima_battaglia_dell%27Isonzo"}, "geometry": {"type": "Point", "coordinates": [13.5333, 45.8]}}, {"type": "Feature", "properties": {"name": "battaglia del Canale d'Otranto", "year": 1917, "period": "wwi", "reliability": "media", "wikidata": "Q1034037", "part_of": ["prima guerra mondiale"], "wikipedia": "https://it.wikipedia.org/wiki/Battaglia_del_Canale_d%27Otranto_(1917)"}, "geometry": {"type": "Point", "coordinates": [18.92556, 40.21944]}}, {"type": "Feature", "properties": {"name": "Prima battaglia del Piave", "year": 1917, "period": "wwi", "reliability": "media", "wikidata": "Q20008335", "part_of": ["Fronte italiano"], "wikipedia": "https://it.wikipedia.org/wiki/Prima_battaglia_del_Piave"}, "geometry": {"type": "Point", "coordinates": [11.73333, 45.85]}}, {"type": "Feature", "properties": {"name": "battaglia del solstizio", "year": 1918, "period": "wwi", "reliability": "media", "wikidata": "Q662947", "part_of": ["prima guerra mondiale"], "wikipedia": "https://it.wikipedia.org/wiki/Battaglia_del_solstizio"}, "geometry": {"type": "Point", "coordinates": [12.20944, 45.83056]}}, {"type": "Feature", "properties": {"name": "battaglia di Vittorio Veneto", "year": 1918, "period": "wwi", "reliability": "media", "wikidata": "Q662961", "part_of": ["prima guerra mondiale"], "wikipedia": "https://it.wikipedia.org/wiki/Battaglia_di_Vittorio_Veneto"}, "geometry": {"type": "Point", "coordinates": [12.34694, 45.95583]}}, {"type": "Feature", "properties": {"name": "battaglia del San Matteo", "year": 1918, "period": "wwi", "reliability": "media", "wikidata": "Q1497886", "part_of": ["Fronte italiano", "prima guerra mondiale"], "wikipedia": "https://it.wikipedia.org/wiki/Battaglia_del_San_Matteo"}, "geometry": {"type": "Point", "coordinates": [10.56667, 46.37889]}}, {"type": "Feature", "properties": {"name": "Operazione valanga", "year": 1918, "period": "wwi", "reliability": "media", "wikidata": "Q1612074", "part_of": ["guerra Bianca"], "wikipedia": "https://it.wikipedia.org/wiki/Operazione_valanga_(1918)"}, "geometry": {"type": "Point", "coordinates": [10.59374, 46.26143]}}, {"type": "Feature", "properties": {"name": "seconda battaglia del monte Grappa", "year": 1918, "period": "wwi", "reliability": "media", "wikidata": "Q2895260", "part_of": ["Fronte italiano"], "wikipedia": "https://it.wikipedia.org/wiki/Seconda_battaglia_del_monte_Grappa"}, "geometry": {"type": "Point", "coordinates": [11.73333, 45.85]}}, {"type": "Feature", "properties": {"name": "battaglia di Punta Stilo", "year": 1940, "period": "wwii", "reliability": "media", "wikidata": "Q635150", "part_of": ["seconda guerra mondiale"], "wikipedia": "https://it.wikipedia.org/wiki/Battaglia_di_Punta_Stilo"}, "geometry": {"type": "Point", "coordinates": [17.33333, 37.66667]}}, {"type": "Feature", "properties": {"name": "notte di Taranto", "year": 1940, "period": "wwii", "reliability": "media", "wikidata": "Q543255", "part_of": ["seconda guerra mondiale"], "wikipedia": "https://it.wikipedia.org/wiki/Notte_di_Taranto"}, "geometry": {"type": "Point", "coordinates": [17.2075, 40.45111]}}, {"type": "Feature", "properties": {"name": "Battaglia del Canale d'Otranto", "year": 1940, "period": "wwii", "reliability": "media", "wikidata": "Q2200263", "part_of": ["battaglia del Mediterraneo", "seconda guerra mondiale"], "wikipedia": "https://it.wikipedia.org/wiki/Battaglia_del_Canale_d%27Otranto_(1940)"}, "geometry": {"type": "Point", "coordinates": [18.69028, 40.80528]}}, {"type": "Feature", "properties": {"name": "Battaglia del banco di Skerki", "year": 1942, "period": "wwii", "reliability": "media", "wikidata": "Q1748629", "part_of": ["battaglia del Mediterraneo"], "wikipedia": "https://it.wikipedia.org/wiki/Battaglia_del_banco_di_Skerki"}, "geometry": {"type": "Point", "coordinates": [10.95333, 37.75333]}}, {"type": "Feature", "properties": {"name": "battaglia di Montelungo", "year": 1943, "period": "wwii", "reliability": "media", "wikidata": "Q603177", "part_of": ["campagna d'Italia"], "wikipedia": "https://it.wikipedia.org/wiki/Battaglia_di_Montelungo"}, "geometry": {"type": "Point", "coordinates": [13.98333, 41.4]}}, {"type": "Feature", "properties": {"name": "Invasione Alleata d'Italia", "year": 1943, "period": "wwii", "reliability": "media", "wikidata": "Q714777", "part_of": ["seconda guerra mondiale"], "wikipedia": "https://en.wikipedia.org/wiki/Allied_invasion_of_Italy"}, "geometry": {"type": "Point", "coordinates": [14.7566, 40.679]}}, {"type": "Feature", "properties": {"name": "battaglia di Ortona", "year": 1943, "period": "wwii", "reliability": "media", "wikidata": "Q1634968", "part_of": ["Campagna del fiume Moro"], "wikipedia": "https://it.wikipedia.org/wiki/Battaglia_di_Ortona"}, "geometry": {"type": "Point", "coordinates": [14.40361, 42.35306]}}, {"type": "Feature", "properties": {"name": "presa di Lampedusa", "year": 1943, "period": "wwii", "reliability": "media", "wikidata": "Q2889088", "part_of": ["seconda guerra mondiale"], "wikipedia": "https://it.wikipedia.org/wiki/Presa_di_Lampedusa"}, "geometry": {"type": "Point", "coordinates": [12.6056, 35.5108]}}, {"type": "Feature", "properties": {"name": "Battaglia del convoglio Cigno", "year": 1943, "period": "wwii", "reliability": "media", "wikidata": "Q3636253", "part_of": ["battaglia del Mediterraneo"], "wikipedia": "https://it.wikipedia.org/wiki/Battaglia_del_convoglio_Cigno"}, "geometry": {"type": "Point", "coordinates": [12.1914, 37.8098]}}, {"type": "Feature", "properties": {"name": "battaglia di Monte Camino", "year": 1943, "period": "wwii", "reliability": "media", "wikidata": "Q3636532", "part_of": ["campagna d'Italia"], "wikipedia": "https://it.wikipedia.org/wiki/Battaglia_di_Monte_Camino"}, "geometry": {"type": "Point", "coordinates": [13.93327, 41.3833]}}, {"type": "Feature", "properties": {"name": "battaglia del Simeto", "year": 1943, "period": "wwii", "reliability": "media", "wikidata": "Q3636616", "part_of": ["Sbarco in Sicilia"], "wikipedia": "https://it.wikipedia.org/wiki/Battaglia_del_Simeto"}, "geometry": {"type": "Point", "coordinates": [15.065, 37.39944]}}, {"type": "Feature", "properties": {"name": "Mancata difesa di Roma", "year": 1943, "period": "wwii", "reliability": "media", "wikidata": "Q3844257", "wikipedia": "https://it.wikipedia.org/wiki/Mancata_difesa_di_Roma"}, "geometry": {"type": "Point", "coordinates": [12.48079, 41.86727]}}, {"type": "Feature", "properties": {"name": "battaglia di San Pietro Infine", "year": 1943, "period": "wwii", "reliability": "media", "wikidata": "Q4568436", "part_of": ["Linea Gustav", "campagna d'Italia", "seconda guerra mondiale"], "wikipedia": "https://it.wikipedia.org/wiki/Battaglia_di_San_Pietro_Infine"}, "geometry": {"type": "Point", "coordinates": [13.95861, 41.44444]}}, {"type": "Feature", "properties": {"name": "battaglia di Troina", "year": 1943, "period": "wwii", "reliability": "media", "wikidata": "Q4872596", "part_of": ["campagna d'Italia"], "wikipedia": "https://it.wikipedia.org/wiki/Battaglia_di_Troina"}, "geometry": {"type": "Point", "coordinates": [14.6, 37.78333]}}, {"type": "Feature", "properties": {"name": "battaglia di Centuripe", "year": 1943, "period": "wwii", "reliability": "media", "wikidata": "Q15894754", "part_of": ["seconda guerra mondiale"], "wikipedia": "https://it.wikipedia.org/wiki/Battaglia_di_Centuripe"}, "geometry": {"type": "Point", "coordinates": [14.73333, 37.61667]}}, {"type": "Feature", "properties": {"name": "battaglia di Cassino", "year": 1944, "period": "wwii", "reliability": "media", "wikidata": "Q335288", "part_of": ["campagna d'Italia"], "wikipedia": "https://it.wikipedia.org/wiki/Battaglia_di_Cassino"}, "geometry": {"type": "Point", "coordinates": [13.81389, 41.49]}}, {"type": "Feature", "properties": {"name": "sbarco di Anzio", "year": 1944, "period": "wwii", "reliability": "media", "wikidata": "Q696844", "part_of": ["campagna d'Italia"], "wikipedia": "https://it.wikipedia.org/wiki/Sbarco_di_Anzio"}, "geometry": {"type": "Point", "coordinates": [12.62498, 41.44302]}}, {"type": "Feature", "properties": {"name": "Battaglia di Ancona", "year": 1944, "period": "wwii", "reliability": "media", "wikidata": "Q714192", "part_of": ["campagna d'Italia", "seconda guerra mondiale"], "wikipedia": "https://it.wikipedia.org/wiki/Battaglia_di_Ancona"}, "geometry": {"type": "Point", "coordinates": [13.51444, 43.61194]}}, {"type": "Feature", "properties": {"name": "battaglia di Monte Castello", "year": 1944, "period": "wwii", "reliability": "media", "wikidata": "Q1818854", "year_end": 1945, "part_of": ["campagna d'Italia"], "wikipedia": "https://it.wikipedia.org/wiki/Battaglia_del_Monte_Castello"}, "geometry": {"type": "Point", "coordinates": [10.9542, 44.2218]}}, {"type": "Feature", "properties": {"name": "Battaglia di Rimini", "year": 1944, "period": "wwii", "reliability": "media", "wikidata": "Q2405911", "part_of": ["operazione Olive"], "wikipedia": "https://en.wikipedia.org/wiki/Battle_of_Rimini_(1944)"}, "geometry": {"type": "Point", "coordinates": [12.56833, 44.05944]}}, {"type": "Feature", "properties": {"name": "battaglia di Cisterna", "year": 1944, "period": "wwii", "reliability": "media", "wikidata": "Q3636398", "part_of": ["sbarco di Anzio"], "wikipedia": "https://it.wikipedia.org/wiki/Battaglia_di_Cisterna"}, "geometry": {"type": "Point", "coordinates": [13.98333, 41.4]}}, {"type": "Feature", "properties": {"name": "Battaglia di Filottrano", "year": 1944, "period": "wwii", "reliability": "media", "wikidata": "Q3636433", "part_of": ["campagna d'Italia", "seconda guerra mondiale"], "wikipedia": "https://it.wikipedia.org/wiki/Battaglia_di_Filottrano"}, "geometry": {"type": "Point", "coordinates": [13.35025, 43.43442]}}, {"type": "Feature", "properties": {"name": "battaglia di Montecarotto", "year": 1944, "period": "wwii", "reliability": "media", "wikidata": "Q3636536", "part_of": ["seconda guerra mondiale"], "wikipedia": "https://it.wikipedia.org/wiki/Battaglia_di_Montecarotto"}, "geometry": {"type": "Point", "coordinates": [13.35162, 43.31352]}}, {"type": "Feature", "properties": {"name": "battaglia di Valibona", "year": 1944, "period": "wwii", "reliability": "media", "wikidata": "Q3636650", "part_of": ["seconda guerra mondiale"], "wikipedia": "https://it.wikipedia.org/wiki/Battaglia_di_Valibona"}, "geometry": {"type": "Point", "coordinates": [11.16532, 43.93044]}}, {"type": "Feature", "properties": {"name": "Battaglia del fiume Rapido", "year": 1944, "period": "wwii", "reliability": "media", "wikidata": "Q15965708", "part_of": ["battaglia di Cassino"], "wikipedia": "https://it.wikipedia.org/wiki/Battaglia_del_fiume_Rapido"}, "geometry": {"type": "Point", "coordinates": [13.8325, 41.44472]}}, {"type": "Feature", "properties": {"name": "Battle of the Bagni di Craveggia", "year": 1944, "period": "wwii", "reliability": "media", "wikidata": "Q21043582"}, "geometry": {"type": "Point", "coordinates": [8.54014, 46.19834]}}, {"type": "Feature", "properties": {"name": "Battaglia di Purocielo", "year": 1944, "period": "wwii", "reliability": "media", "wikidata": "Q108180729", "part_of": ["seconda guerra mondiale"]}, "geometry": {"type": "Point", "coordinates": [11.66536, 44.17655]}}, {"type": "Feature", "properties": {"name": "Battaglia dell'Università", "year": 1944, "period": "wwii", "reliability": "media", "wikidata": "Q115512540", "part_of": ["Resistenza italiana"], "wikipedia": "https://it.wikipedia.org/wiki/Battaglia_dell%27Universit%C3%A0_(Bologna)"}, "geometry": {"type": "Point", "coordinates": [11.35254, 44.49688]}}, {"type": "Feature", "properties": {"name": "Battaglia di Bologna", "year": 1945, "period": "wwii", "reliability": "media", "wikidata": "Q3403811", "part_of": ["offensiva della primavera 1945 sul fronte italiano"], "wikipedia": "https://it.wikipedia.org/wiki/Battaglia_di_Bologna"}, "geometry": {"type": "Point", "coordinates": [11.34278, 44.49389]}}, {"type": "Feature", "properties": {"name": "Operazione Riva Ridge", "year": 1945, "period": "wwii", "reliability": "media", "wikidata": "Q3883998", "part_of": ["Operation Encore", "campagna d'Italia", "offensiva della primavera 1945 sul fronte italiano", "seconda guerra mondiale"], "wikipedia": "https://it.wikipedia.org/wiki/Operazione_Riva_Ridge"}, "geometry": {"type": "Point", "coordinates": [10.83441, 44.18811]}}, {"type": "Feature", "properties": {"name": "battaglia del mar Ligure", "year": 1945, "period": "wwii", "reliability": "media", "wikidata": "Q15728772", "part_of": ["battaglia del Mediterraneo"], "wikipedia": "https://it.wikipedia.org/wiki/Battaglia_del_mar_Ligure"}, "geometry": {"type": "Point", "coordinates": [9.0, 43.5]}}, {"type": "Feature", "properties": {"name": "battaglia di Montese", "year": 1945, "period": "wwii", "reliability": "media", "wikidata": "Q16497164", "part_of": ["offensiva della primavera 1945 sul fronte italiano"], "wikipedia": "https://it.wikipedia.org/wiki/Battaglia_di_Montese"}, "geometry": {"type": "Point", "coordinates": [10.93333, 44.26667]}}, {"type": "Feature", "properties": {"name": "battaglia di Seminara", "year": null, "period": "altro", "reliability": "media", "wikidata": "Q604417", "wikipedia": "https://it.wikipedia.org/wiki/Battaglia_di_Seminara_(1502)"}, "geometry": {"type": "Point", "coordinates": [16.0, 38.31667]}}, {"type": "Feature", "properties": {"name": "battaglia di Lastra", "year": null, "period": "altro", "reliability": "media", "wikidata": "Q3636493", "wikipedia": "https://it.wikipedia.org/wiki/Battaglia_della_Lastra"}, "geometry": {"type": "Point", "coordinates": [11.28259, 43.8077]}}, {"type": "Feature", "properties": {"name": "battaglia di Piombino", "year": null, "period": "altro", "reliability": "media", "wikidata": "Q3636574", "wikipedia": "https://it.wikipedia.org/wiki/Battaglia_di_Piombino"}, "geometry": {"type": "Point", "coordinates": [10.53333, 42.91667]}}, {"type": "Feature", "properties": {"name": "battaglia di Solferino", "year": null, "period": "altro", "reliability": "media", "wikidata": "Q11372926", "part_of": ["battaglia di Solferino e San Martino"], "wikipedia": "https://it.wikipedia.org/wiki/Battaglia_di_Solferino"}, "geometry": {"type": "Point", "coordinates": [10.5664, 45.3672]}}, {"type": "Feature", "properties": {"name": "battaglia di Vaprio d'Adda", "year": null, "period": "altro", "reliability": "media", "wikidata": "Q17622500", "wikipedia": "https://it.wikipedia.org/wiki/Battaglia_di_Vaprio_d%27Adda_(1521)"}, "geometry": {"type": "Point", "coordinates": [9.52231, 45.578]}}]}